Date,Adj Close
2003-01-02,272.89
2003-01-03,274.97
2003-01-06,277.84
2003-01-07,273.81
2003-01-08,271.1
2003-01-09,271.85
2003-01-10,269.44
2003-01-13,268.2
2003-01-14,268.61
2003-01-15,267.57
2003-01-16,265.1
2003-01-17,262.52
2003-01-21,261.34
2003-01-22,261.18
2003-01-23,261.97
2003-01-24,259.22
2003-01-27,257.85
2003-01-28,258.64
2003-01-29,260.89
2003-01-30,258.8
2003-01-31,262.91
2003-02-03,261.68
2003-02-04,262.66
2003-02-05,262.81
2003-02-06,262.76
2003-02-07,260.55
2003-02-10,262.9
2003-02-11,260.33
2003-02-12,258.3
2003-02-13,258.63
2003-02-14,257.44
2003-02-18,260.58
2003-02-19,262.01
2003-02-20,262.22
2003-02-21,264.71
2003-02-24,262.42
2003-02-25,265.07
2003-02-26,263.81
2003-02-27,265.69
2003-02-28,265.74
2003-03-03,266.13
2003-03-04,264.25
2003-03-05,264.85
2003-03-06,263.25
2003-03-07,263.36
2003-03-10,260.61
2003-03-11,260.49
2003-03-12,259.92
2003-03-13,262.49
2003-03-14,261.59
2003-03-17,266.92
2003-03-18,267.46
2003-03-19,269.85
2003-03-20,272.32
2003-03-21,276.6
2003-03-24,270.13
2003-03-25,273.09
2003-03-26,274.01
2003-03-27,271.84
2003-03-28,270.74
2003-03-31,268.7
2003-04-01,273.88
2003-04-02,276.43
2003-04-03,275.29
2003-04-04,273.22
2003-04-07,276.33
2003-04-08,274.92
2003-04-09,275.48
2003-04-10,274.57
2003-04-11,273.45
2003-04-14,277.16
2003-04-15,278.28
2003-04-16,279.18
2003-04-17,280.99
2003-04-21,282.8
2003-04-22,285.6
2003-04-23,286.47
2003-04-24,283.52
2003-04-25,283.52
2003-04-28,281.34
2003-04-29,281.86
2003-04-30,279.55
2003-05-01,281.01
2003-05-02,283.92
2003-05-05,286.12
2003-05-06,288.78
2003-05-07,286.92
2003-05-08,288.7
2003-05-09,291.53
2003-05-12,293.07
2003-05-13,292.99
2003-05-14,291.31
2003-05-15,292.18
2003-05-16,293.51
2003-05-19,291.75
2003-05-20,293.87
2003-05-21,295.14
2003-05-22,297.55
2003-05-23,298.56
2003-05-27,298.97
2003-05-28,295
2003-05-29,288.77
2003-05-30,294.7
2003-06-02,295.93
2003-06-03,297.22
2003-06-04,300.09
2003-06-05,300.1
2003-06-06,303.27
2003-06-09,301.11
2003-06-10,305.03
2003-06-11,307.16
2003-06-12,303.39
2003-06-13,299.39
2003-06-16,302.21
2003-06-17,299.69
2003-06-18,296.49
2003-06-19,296.11
2003-06-20,296.71
2003-06-23,293.36
2003-06-24,294.63
2003-06-25,296.33
2003-06-26,299.01
2003-06-27,299.17
2003-06-30,298.98
2003-07-01,301.05
2003-07-02,305.5
2003-07-03,306.7
2003-07-07,309.91
2003-07-08,310.04
2003-07-09,308.53
2003-07-10,303.94
2003-07-11,306.86
2003-07-14,309.17
2003-07-15,309.05
2003-07-16,308.61
2003-07-17,304.56
2003-07-18,306.63
2003-07-21,305.09
2003-07-22,307.11
2003-07-23,305.36
2003-07-24,307.65
2003-07-25,309.39
2003-07-28,307.96
2003-07-29,310.42
2003-07-30,314.34
2003-07-31,313.73
2003-08-01,312.14
2003-08-04,310.18
2003-08-05,309.06
2003-08-06,308.96
2003-08-07,310.28
2003-08-08,309.91
2003-08-11,310.17
2003-08-12,310.36
2003-08-13,308.11
2003-08-14,310.19
2003-08-15,308.46
2003-08-18,310.09
2003-08-19,311.44
2003-08-20,311.99
2003-08-21,312.81
2003-08-22,309.5
2003-08-25,307.33
2003-08-26,309.86
2003-08-27,313
2003-08-28,312.6
2003-08-29,313.94
2003-09-02,318.36
2003-09-03,321.3
2003-09-04,321.73
2003-09-05,320.28
2003-09-08,321.35
2003-09-09,320.46
2003-09-10,315.75
2003-09-11,317.92
2003-09-12,318.49
2003-09-15,317.53
2003-09-16,318.25
2003-09-17,316.34
2003-09-18,318.26
2003-09-19,320.4
2003-09-22,320.36
2003-09-23,322.21
2003-09-24,319.75
2003-09-25,319.38
2003-09-26,318.16
2003-09-29,320.72
2003-09-30,322.35
2003-10-01,324.93
2003-10-02,327.7
2003-10-03,330.83
2003-10-06,334.33
2003-10-07,333.4
2003-10-08,333.15
2003-10-09,334.17
2003-10-10,333.37
2003-10-13,334.51
2003-10-14,335.23
2003-10-15,334.18
2003-10-16,334.92
2003-10-17,331.99
2003-10-20,331.56
2003-10-21,331.24
2003-10-22,327.65
2003-10-23,324.82
2003-10-24,322.44
2003-10-27,326.15
2003-10-28,323.96
2003-10-29,326.8
2003-10-30,328.06
2003-10-31,326.9
2003-11-03,331.21
2003-11-04,331.5
2003-11-05,330.68
2003-11-06,333.4
2003-11-07,334.65
2003-11-10,333.73
2003-11-11,331.86
2003-11-12,335.8
2003-11-13,336.98
2003-11-14,338.21
2003-11-17,337.08
2003-11-18,335.79
2003-11-19,335.79
2003-11-20,332.69
2003-11-21,331.72
2003-11-24,334.13
2003-11-25,337.05
2003-11-26,338.76
2003-11-28,339.69
2003-12-01,344.12
2003-12-02,343.17
2003-12-03,342.79
2003-12-04,341.4
2003-12-05,341.21
2003-12-08,343.96
2003-12-09,344.28
2003-12-10,343.21
2003-12-11,345.05
2003-12-12,346.31
2003-12-15,344.09
2003-12-16,346.28
2003-12-17,346.24
2003-12-18,346.33
2003-12-19,346.96
2003-12-22,348.67
2003-12-23,348.4
2003-12-24,349.29
2003-12-26,349.66
2003-12-29,351.16
2003-12-30,351.81
2003-12-31,349.02
2004-01-02,348.66
2004-01-05,348.65
2004-01-06,349.23
2004-01-07,347.52
2004-01-08,348.63
2004-01-09,348.89
2004-01-12,349.33
2004-01-13,349.74
2004-01-14,351.64
2004-01-15,351.11
2004-01-16,348.72
2004-01-20,348.37
2004-01-21,349.15
2004-01-22,350.1
2004-01-23,353.07
2004-01-26,357.54
2004-01-27,360.49
2004-01-28,360.25
2004-01-29,360.61
2004-01-30,362.9
2004-02-02,367.77
2004-02-03,366.96
2004-02-04,359.74
2004-02-05,362.13
2004-02-06,368.36
2004-02-09,368.24
2004-02-10,370.48
2004-02-11,372
2004-02-12,367.76
2004-02-13,364.84
2004-02-17,365.64
2004-02-18,364.65
2004-02-19,364.33
2004-02-20,364.18
2004-02-23,364.15
2004-02-24,364.94
2004-02-25,368.04
2004-02-26,367.19
2004-02-27,367.86
2004-03-01,372.18
2004-03-02,374.82
2004-03-03,376.62
2004-03-04,378.26
2004-03-05,380.43
2004-03-08,379.91
2004-03-09,379.77
2004-03-10,375.14
2004-03-11,370.49
2004-03-12,374.75
2004-03-15,371.62
2004-03-16,372.63
2004-03-17,378.41
2004-03-18,380.1
2004-03-19,380.56
2004-03-22,378.73
2004-03-23,380.76
2004-03-24,377.43
2004-03-25,382.13
2004-03-26,378.07
2004-03-29,379.65
2004-03-30,383.03
2004-03-31,385.87
2004-04-01,389.15
2004-04-02,385.38
2004-04-05,370.48
2004-04-06,355.1
2004-04-07,360.87
2004-04-08,354.17
2004-04-12,336.51
2004-04-13,333.89
2004-04-14,330.4
2004-04-15,337.59
2004-04-16,341.26
2004-04-19,342.95
2004-04-20,330.74
2004-04-21,331.44
2004-04-22,336.15
2004-04-23,332.99
2004-04-26,334.7
2004-04-27,337.74
2004-04-28,335.13
2004-04-29,330.17
2004-04-30,328.47
2004-05-03,333.64
2004-05-04,335.84
2004-05-05,332.16
2004-05-06,331.93
2004-05-07,320.48
2004-05-10,316.71
2004-05-11,319.33
2004-05-12,319
2004-05-13,319.1
2004-05-14,322.61
2004-05-17,324.78
2004-05-18,330.89
2004-05-19,323.41
2004-05-20,330.13
2004-05-21,330.14
2004-05-24,333.6
2004-05-25,340.35
2004-05-26,345.09
2004-05-27,346.75
2004-05-28,350.38
2004-06-01,346.63
2004-06-02,351.81
2004-06-03,349.41
2004-06-04,350.04
2004-06-07,352.87
2004-06-08,352.2
2004-06-09,350.41
2004-06-10,349.28
2004-06-14,342.93
2004-06-15,349.52
2004-06-16,350.52
2004-06-17,352.82
2004-06-18,354.31
2004-06-21,358.09
2004-06-22,357.48
2004-06-23,359.79
2004-06-24,358.63
2004-06-25,361.51
2004-06-28,361.84
2004-06-29,353.74
2004-06-30,358.25
2004-07-01,358.56
2004-07-02,365.68
2004-07-06,364.19
2004-07-07,368.08
2004-07-08,362.37
2004-07-09,362.57
2004-07-12,365.72
2004-07-13,362.38
2004-07-14,364.57
2004-07-15,367.79
2004-07-16,367.06
2004-07-19,369.99
2004-07-20,370.28
2004-07-21,366.49
2004-07-22,358.37
2004-07-23,355.47
2004-07-26,352.49
2004-07-27,353.36
2004-07-28,355.91
2004-07-29,355.52
2004-07-30,358.26
2004-08-02,364.09
2004-08-03,364.95
2004-08-04,368.35
2004-08-05,361.96
2004-08-06,360.82
2004-08-09,361.25
2004-08-10,362.83
2004-08-11,362.42
2004-08-12,358.51
2004-08-13,358.05
2004-08-16,363.33
2004-08-17,366.91
2004-08-18,371.61
2004-08-19,365.5
2004-08-20,376.12
2004-08-23,375.62
2004-08-24,380.84
2004-08-25,378.43
2004-08-26,380.18
2004-08-27,380.53
2004-08-30,382.32
2004-08-31,385.23
2004-09-01,384.11
2004-09-02,386.44
2004-09-03,388.51
2004-09-07,392.23
2004-09-08,391.51
2004-09-09,385.03
2004-09-10,385.76
2004-09-13,382.45
2004-09-14,377.12
2004-09-15,379.07
2004-09-16,385.78
2004-09-17,384.39
2004-09-20,380.54
2004-09-21,382.07
2004-09-22,379.28
2004-09-23,377.49
2004-09-24,378.44
2004-09-27,378.11
2004-09-28,379.49
2004-09-29,379.71
2004-09-30,382.69
2004-10-01,389.15
2004-10-04,390.3
2004-10-05,390.39
2004-10-06,392.67
2004-10-07,387.27
2004-10-08,390.36
2004-10-11,388.8
2004-10-12,392.65
2004-10-13,390.52
2004-10-14,394.06
2004-10-15,396.61
2004-10-18,399.16
2004-10-19,395.9
2004-10-20,394.41
2004-10-21,399.3
2004-10-22,395.79
2004-10-25,394.03
2004-10-26,400.27
2004-10-27,403.26
2004-10-28,403.8
2004-10-29,401.91
2004-11-01,406.99
2004-11-02,403.11
2004-11-03,407.14
2004-11-04,412.8
2004-11-05,401.76
2004-11-08,404.07
2004-11-09,404.63
2004-11-10,406.47
2004-11-11,410.52
2004-11-12,419.4
2004-11-15,423.22
2004-11-16,419.33
2004-11-17,410.68
2004-11-18,410.7
2004-11-19,404.83
2004-11-22,407.53
2004-11-23,412.05
2004-11-24,417.6
2004-11-26,415.96
2004-11-29,414.99
2004-11-30,416.84
2004-12-01,425.15
2004-12-02,421.08
2004-12-03,427.85
2004-12-06,430.02
2004-12-07,423
2004-12-08,425.01
2004-12-09,428.16
2004-12-10,431.24
2004-12-13,430.01
2004-12-14,429.01
2004-12-15,430.99
2004-12-16,426.13
2004-12-17,430.38
2004-12-20,429.83
2004-12-21,433.35
2004-12-22,435.93
2004-12-23,431.87
2004-12-27,431.32
2004-12-28,432.8
2004-12-29,433.74
2004-12-30,434.95
2004-12-31,434.01
2005-01-03,428.62
2005-01-04,423.33
2005-01-05,407.67
2005-01-06,410.65
2005-01-07,410.57
2005-01-10,409.41
2005-01-11,404.52
2005-01-12,402.36
2005-01-13,404.15
2005-01-14,407.79
2005-01-18,413.01
2005-01-19,413.92
2005-01-20,410.89
2005-01-21,411.21
2005-01-24,407.9
2005-01-25,399.81
2005-01-26,400.26
2005-01-27,395.72
2005-01-28,397.5
2005-01-31,396.8
2005-02-01,399.47
2005-02-02,403.93
2005-02-03,403.56
2005-02-04,410.44
2005-02-07,408.65
2005-02-08,410.04
2005-02-09,412.42
2005-02-10,413.84
2005-02-11,416.11
2005-02-14,416.38
2005-02-15,418.06
2005-02-16,419.86
2005-02-17,419.32
2005-02-18,415.65
2005-02-22,405.14
2005-02-23,403.9
2005-02-24,403.43
2005-02-25,410.63
2005-02-28,407.41
2005-03-01,411.85
2005-03-02,409.66
2005-03-03,411.77
2005-03-04,419.7
2005-03-07,422.23
2005-03-08,419.11
2005-03-09,406.91
2005-03-10,410.8
2005-03-11,405.55
2005-03-14,411.54
2005-03-15,410.27
2005-03-17,409.56
2005-03-18,407.22
2005-03-21,404.82
2005-03-22,398.09
2005-03-23,396.04
2005-03-24,397.61
2005-03-28,395.42
2005-03-29,394.6
2005-03-30,399.65
2005-03-31,398.73
2005-04-01,398.07
2005-04-04,396.67
2005-04-05,396.57
2005-04-06,398.69
2005-04-07,402.12
2005-04-08,399.34
2005-04-11,400.15
2005-04-12,405.95
2005-04-13,405.38
2005-04-14,402.49
2005-04-15,401.76
2005-04-18,403.07
2005-04-19,405.34
2005-04-20,403.06
2005-04-21,405.43
2005-04-22,406.81
2005-04-25,412.04
2005-04-26,411.82
2005-04-27,415.2
2005-04-28,412.73
2005-04-29,418.76
2005-05-02,417.83
2005-05-03,416.84
2005-05-04,420.47
2005-05-05,423.32
2005-05-06,419.51
2005-05-09,427.27
2005-05-10,426.52
2005-05-11,427.33
2005-05-12,423.23
2005-05-13,419.37
2005-05-16,424.34
2005-05-17,426.73
2005-05-18,431.31
2005-05-19,436.36
2005-05-20,437.98
2005-05-23,438.34
2005-05-24,433.11
2005-05-25,427.55
2005-05-26,426.08
2005-05-27,428.65
2005-05-31,431.57
2005-06-01,437.14
2005-06-02,435.74
2005-06-03,435.2
2005-06-06,439.17
2005-06-07,442.9
2005-06-08,444.91
2005-06-09,444.83
2005-06-10,444.69
2005-06-13,446.78
2005-06-14,450.97
2005-06-15,450.97
2005-06-16,451.25
2005-06-17,456.4
2005-06-20,455.4
2005-06-21,451.3
2005-06-22,451.17
2005-06-23,450.37
2005-06-24,450.37
2005-06-27,447.73
2005-06-28,449.73
2005-06-29,450.47
2005-06-30,450.87
2005-07-01,454.79
2005-07-05,460
2005-07-06,459.6
2005-07-07,459.5
2005-07-08,466.7
2005-07-11,472.5
2005-07-12,472.58
2005-07-13,469.4
2005-07-14,461.26
2005-07-15,463.53
2005-07-18,464.4
2005-07-19,467.82
2005-07-20,472.29
2005-07-21,465.34
2005-07-22,465.34
2005-07-25,470.37
2005-07-26,474.96
2005-07-27,476.53
2005-07-28,482.47
2005-07-29,481.85
2005-08-01,481.85
2005-08-02,485.68
2005-08-03,484.12
2005-08-04,474.99
2005-08-05,459.17
2005-08-08,443.07
2005-08-09,446.79
2005-08-10,448.95
2005-08-11,453.85
2005-08-12,454.41
2005-08-15,454.41
2005-08-16,460.14
2005-08-17,456.4
2005-08-18,453.23
2005-08-19,451.44
2005-08-22,454.33
2005-08-23,454.24
2005-08-24,455.86
2005-08-25,457.83
2005-08-26,452.26
2005-08-29,451.71
2005-08-30,452.44
2005-08-31,462.13
2005-09-01,464.58
2005-09-02,463.29
2005-09-06,474.05
2005-09-07,470.94
2005-09-08,469.92
2005-09-09,471.89
2005-09-12,470.5
2005-09-13,467.02
2005-09-14,466.39
2005-09-15,467.51
2005-09-16,467.04
2005-09-19,462.78
2005-09-20,459.74
2005-09-21,450.31
2005-09-22,451.73
2005-09-23,452.76
2005-09-26,454.81
2005-09-27,453.82
2005-09-28,449.3
2005-09-29,455.97
2005-09-30,461.59
2005-10-03,463.5
2005-10-04,455.63
2005-10-05,447.08
2005-10-06,446.03
2005-10-07,442.69
2005-10-10,437.05
2005-10-11,434.09
2005-10-12,426.63
2005-10-13,426.05
2005-10-14,435.59
2005-10-17,437.53
2005-10-18,433.01
2005-10-19,439.15
2005-10-20,432.6
2005-10-21,437.53
2005-10-24,445.91
2005-10-25,443.55
2005-10-26,439.78
2005-10-27,434.46
2005-10-28,446.59
2005-10-31,449.94
2005-11-01,440.4
2005-11-02,444.25
2005-11-03,441.83
2005-11-04,440.53
2005-11-07,443.03
2005-11-08,441.2
2005-11-09,445.72
2005-11-10,454.88
2005-11-11,458.23
2005-11-14,455.56
2005-11-15,454.41
2005-11-16,452.51
2005-11-17,459.1
2005-11-18,461.75
2005-11-21,463.95
2005-11-22,468.71
2005-11-23,471.02
2005-11-25,471.89
2005-11-28,466.97
2005-11-29,468.68
2005-11-30,466.82
2005-12-01,472.21
2005-12-02,471.34
2005-12-05,467.64
2005-12-06,466.01
2005-12-07,463.49
2005-12-08,466.93
2005-12-09,468.82
2005-12-12,467.9
2005-12-13,470.51
2005-12-14,471.68
2005-12-15,467.92
2005-12-16,468.77
2005-12-19,463.42
2005-12-20,462.88
2005-12-21,466.12
2005-12-22,468.71
2005-12-23,470.36
2005-12-27,469.25
2005-12-28,467.82
2005-12-29,464.66
2005-12-30,462.98
2006-01-03,472.52
2006-01-04,474.49
2006-01-05,479.11
2006-01-06,483.92
2006-01-09,487.49
2006-01-10,491.77
2006-01-11,490.89
2006-01-12,489.59
2006-01-13,482.9
2006-01-16,482.9
2006-01-17,481.66
2006-01-18,481
2006-01-19,487.53
2006-01-20,481.4
2006-01-23,484.97
2006-01-24,488.37
2006-01-25,488.08
2006-01-26,490.12
2006-01-27,496.03
2006-01-30,493.92
2006-01-31,495.64
2006-02-01,497.51
2006-02-02,493.96
2006-02-03,488.57
2006-02-06,491.22
2006-02-07,487.23
2006-02-08,485.71
2006-02-09,486.99
2006-02-10,486.61
2006-02-13,486.28
2006-02-14,490.02
2006-02-15,493.64
2006-02-16,497.18
2006-02-17,500.6
2006-02-20,500.6
2006-02-21,502.04
2006-02-22,507.52
2006-02-23,506.61
2006-02-24,504.08
2006-02-27,504.53
2006-02-28,502.5
2006-03-01,505.6
2006-03-02,504.14
2006-03-03,501.57
2006-03-06,510.73
2006-03-07,504.82
2006-03-08,507.21
2006-03-09,511.81
2006-03-10,516.48
2006-03-13,513.36
2006-03-14,516.84
2006-03-15,525.56
2006-03-16,530.53
2006-03-17,535.36
2006-03-20,527.18
2006-03-21,520.52
2006-03-22,522.38
2006-03-23,523.54
2006-03-24,521.61
2006-03-27,516.91
2006-03-28,522.38
2006-03-29,532.21
2006-03-30,524.32
2006-03-31,525.52
2006-04-03,515.41
2006-04-04,511.8
2006-04-05,515.71
2006-04-06,512.97
2006-04-07,505.1
2006-04-10,499.89
2006-04-11,497.63
2006-04-12,497.75
2006-04-13,491.79
2006-04-14,491.79
2006-04-17,490.1
2006-04-18,502.01
2006-04-19,508.46
2006-04-20,508.57
2006-04-21,508.96
2006-04-24,505.63
2006-04-25,502.88
2006-04-26,500.19
2006-04-27,503.67
2006-04-28,504.7
2006-05-01,498.38
2006-05-02,494.54
2006-05-03,495.13
2006-05-04,501.51
2006-05-05,507.79
2006-05-08,510.13
2006-05-09,509.81
2006-05-10,509.75
2006-05-11,498.34
2006-05-12,491.29
2006-05-15,497.57
2006-05-16,495.26
2006-05-17,486.23
2006-05-18,483.38
2006-05-19,483.7
2006-05-22,480.76
2006-05-23,476.95
2006-05-24,477.9
2006-05-25,488.4
2006-05-26,492.85
2006-05-29,492.85
2006-05-30,488.4
2006-05-31,488.5
2006-06-01,498.05
2006-06-02,503.03
2006-06-05,505.02
2006-06-06,501.01
2006-06-07,502.51
2006-06-08,501.2
2006-06-09,504.72
2006-06-12,498.01
2006-06-13,493.43
2006-06-14,490.7
2006-06-15,498.61
2006-06-16,498.5
2006-06-19,495.05
2006-06-20,492.25
2006-06-21,497.39
2006-06-22,493.97
2006-06-23,491.28
2006-06-26,496.03
2006-06-27,494.46
2006-06-28,496.7
2006-06-29,506.72
2006-06-30,511.55
2006-07-03,518.07
2006-07-04,518.07
2006-07-05,517.82
2006-07-06,519.01
2006-07-07,516.43
2006-07-10,521.86
2006-07-11,522.23
2006-07-12,523.53
2006-07-13,516.39
2006-07-14,509.68
2006-07-17,509.3
2006-07-18,515.23
2006-07-19,525.47
2006-07-20,520.17
2006-07-21,511.72
2006-07-24,520.34
2006-07-25,523.11
2006-07-26,525
2006-07-27,522.73
2006-07-28,530.42
2006-07-31,527.48
2006-08-01,525.32
2006-08-02,524.95
2006-08-03,530.1
2006-08-04,538.24
2006-08-07,532.96
2006-08-08,524.52
2006-08-09,522.03
2006-08-10,522.25
2006-08-11,518.27
2006-08-14,523.27
2006-08-15,528.65
2006-08-16,529.41
2006-08-17,530
2006-08-18,531.36
2006-08-21,534.1
2006-08-22,538.44
2006-08-23,533.52
2006-08-24,536.21
2006-08-25,535.4
2006-08-28,541.09
2006-08-29,541.49
2006-08-30,545.87
2006-08-31,545.73
2006-09-01,542.72
2006-09-04,542.72
2006-09-05,547.69
2006-09-06,545.22
2006-09-07,540.8
2006-09-08,545.73
2006-09-11,547.96
2006-09-12,554.04
2006-09-13,557.15
2006-09-14,554.06
2006-09-15,557.8
2006-09-18,553.98
2006-09-19,558.22
2006-09-20,556.59
2006-09-21,550.68
2006-09-22,553.06
2006-09-25,552.64
2006-09-26,551.63
2006-09-27,555.94
2006-09-28,553.82
2006-09-29,553.33
2006-10-02,552.41
2006-10-03,557.6
2006-10-04,563.94
2006-10-05,568.53
2006-10-06,563.6
2006-10-09,567.94
2006-10-10,567.57
2006-10-11,565.3
2006-10-12,569.84
2006-10-13,575.53
2006-10-16,578.01
2006-10-17,576.13
2006-10-18,578.96
2006-10-19,577.67
2006-10-20,577.19
2006-10-23,580.16
2006-10-24,577.44
2006-10-25,580.64
2006-10-26,586.16
2006-10-27,581.71
2006-10-30,585.74
2006-10-31,586.67
2006-11-01,581.27
2006-11-02,570.79
2006-11-03,563.99
2006-11-06,568.97
2006-11-07,562.93
2006-11-08,564.21
2006-11-09,564.92
2006-11-10,567.9
2006-11-13,568.29
2006-11-14,576.11
2006-11-15,575.73
2006-11-16,579.89
2006-11-17,577.98
2006-11-20,596.64
2006-11-21,606.56
2006-11-22,608.4
2006-11-23,608.4
2006-11-24,612.14
2006-11-27,596.31
2006-11-28,597.28
2006-11-29,606.17
2006-11-30,612.09
2006-12-01,610.63
2006-12-04,618.49
2006-12-05,613.43
2006-12-06,609.76
2006-12-07,606.98
2006-12-08,607.61
2006-12-11,609.75
2006-12-12,607.13
2006-12-13,603.74
2006-12-14,604.21
2006-12-15,601.04
2006-12-18,596.84
2006-12-19,591.53
2006-12-20,596.73
2006-12-21,590.96
2006-12-22,586.32
2006-12-25,586.32
2006-12-26,591.07
2006-12-27,596.36
2006-12-28,597.75
2006-12-29,599.59
2007-01-02,599.59
2007-01-03,599.63
2007-01-04,599.75
2007-01-05,590.35
2007-01-08,590.14
2007-01-09,597.21
2007-01-10,605.03
2007-01-11,612.53
2007-01-12,614.52
2007-01-15,614.52
2007-01-16,622.89
2007-01-17,622.76
2007-01-18,620.97
2007-01-19,627.93
2007-01-22,623.33
2007-01-23,626.02
2007-01-24,634.36
2007-01-25,638.41
2007-01-26,640.45
2007-01-29,641.56
2007-01-30,644.95
2007-01-31,648.86
2007-02-01,651.5
2007-02-02,653.72
2007-02-05,655
2007-02-06,663.4
2007-02-07,676.54
2007-02-08,672.81
2007-02-09,664.93
2007-02-12,652.64
2007-02-13,664.05
2007-02-14,659.86
2007-02-15,664.5
2007-02-16,662.2
2007-02-19,662.2
2007-02-20,667.84
2007-02-21,665.65
2007-02-22,661.99
2007-02-23,651.51
2007-02-26,648.09
2007-02-27,626.95
2007-02-28,632.86
2007-03-01,627.35
2007-03-02,615.28
2007-03-05,592.75
2007-03-06,613.04
2007-03-07,604.28
2007-03-08,613.92
2007-03-09,621.95
2007-03-12,625.49
2007-03-13,609.83
2007-03-14,612.51
2007-03-15,618.63
2007-03-16,612.78
2007-03-19,619.25
2007-03-20,620.09
2007-03-21,628.78
2007-03-22,627.93
2007-03-23,628.35
2007-03-26,619.72
2007-03-27,611.59
2007-03-28,606.42
2007-03-29,607.38
2007-03-30,615.23
2007-04-02,620.62
2007-04-03,625.52
2007-04-04,622.68
2007-04-05,622.26
2007-04-06,622.26
2007-04-09,622.94
2007-04-10,625.54
2007-04-11,615.67
2007-04-12,612.04
2007-04-13,617.93
2007-04-16,619.61
2007-04-17,627.28
2007-04-18,623.19
2007-04-19,619.01
2007-04-20,623.21
2007-04-23,631.13
2007-04-24,626.51
2007-04-25,626.66
2007-04-26,625.08
2007-04-27,624.27
2007-04-30,613.61
2007-05-01,608.86
2007-05-02,613.41
2007-05-03,614.83
2007-05-04,609.85
2007-05-07,611.5
2007-05-08,607.66
2007-05-09,614.28
2007-05-10,605.12
2007-05-11,613.95
2007-05-14,609.37
2007-05-15,599.91
2007-05-16,593.85
2007-05-17,582.8
2007-05-18,576.38
2007-05-21,580.89
2007-05-22,588.34
2007-05-23,582.88
2007-05-24,572.97
2007-05-25,577.96
2007-05-28,577.96
2007-05-29,598.12
2007-05-30,613.73
2007-05-31,612.12
2007-06-01,612.25
2007-06-04,615.1
2007-06-05,604.14
2007-06-06,600.33
2007-06-07,581.93
2007-06-08,589.48
2007-06-11,580.43
2007-06-12,570.37
2007-06-13,582.64
2007-06-14,576.42
2007-06-15,582.61
2007-06-18,573.3
2007-06-19,575.3
2007-06-20,561.6
2007-06-21,560.51
2007-06-22,557.82
2007-06-25,549.25
2007-06-26,548.58
2007-06-27,560.21
2007-06-28,556.52
2007-06-29,554.19
2007-07-02,568.5
2007-07-03,567.08
2007-07-04,567.08
2007-07-05,575.9
2007-07-06,575.17
2007-07-09,573.72
2007-07-10,559.02
2007-07-11,556.81
2007-07-12,565.63
2007-07-13,570.72
2007-07-16,567.65
2007-07-17,564
2007-07-18,561.79
2007-07-19,564.6
2007-07-20,553.46
2007-07-23,544.95
2007-07-24,532.65
2007-07-25,530.17
2007-07-26,519.93
2007-07-27,504.66
2007-07-30,509.6
2007-07-31,509.77
2007-08-01,514.27
2007-08-02,520.46
2007-08-03,504.8
2007-08-06,518.38
2007-08-07,521.24
2007-08-08,542.35
2007-08-09,539.43
2007-08-10,523.47
2007-08-13,519.99
2007-08-14,502.47
2007-08-15,495.89
2007-08-16,512.47
2007-08-17,524.52
2007-08-20,533.88
2007-08-21,540.04
2007-08-22,542.78
2007-08-23,537.63
2007-08-24,536.85
2007-08-27,527.97
2007-08-28,512.41
2007-08-29,526.67
2007-08-30,530.88
2007-08-31,541.33
2007-09-03,541.33
2007-09-04,547.79
2007-09-05,535.41
2007-09-06,538.51
2007-09-07,527.19
2007-09-10,522.06
2007-09-11,530.19
2007-09-12,529.63
2007-09-13,539.3
2007-09-14,541.88
2007-09-17,539.63
2007-09-18,557.56
2007-09-19,567.26
2007-09-20,556.99
2007-09-21,557.58
2007-09-24,566.61
2007-09-25,557.31
2007-09-26,560.03
2007-09-27,564.51
2007-09-28,562.6
2007-10-01,573.06
2007-10-02,582.54
2007-10-03,580.51
2007-10-04,584.35
2007-10-05,596.88
2007-10-08,588.34
2007-10-09,593.18
2007-10-10,591.93
2007-10-11,587.97
2007-10-12,583.38
2007-10-15,570.56
2007-10-16,562.62
2007-10-17,561.53
2007-10-18,563.3
2007-10-19,543.04
2007-10-22,549.73
2007-10-23,555.75
2007-10-24,551.86
2007-10-25,553.33
2007-10-26,558.1
2007-10-29,552.48
2007-10-30,557.44
2007-10-31,567.24
2007-11-01,545.03
2007-11-02,534.04
2007-11-05,528.31
2007-11-06,533.11
2007-11-07,515.59
2007-11-08,518.32
2007-11-09,516.98
2007-11-12,517.62
2007-11-13,537.37
2007-11-14,527.42
2007-11-15,525.02
2007-11-16,517.33
2007-11-19,504.34
2007-11-20,494.94
2007-11-21,493.57
2007-11-22,493.57
2007-11-23,503.8
2007-11-26,477.56
2007-11-27,488.05
2007-11-28,506.82
2007-11-29,505.14
2007-11-30,514.27
2007-12-03,510.05
2007-12-04,496.42
2007-12-05,512.17
2007-12-06,529.02
2007-12-07,527.33
2007-12-10,538.41
2007-12-11,508.24
2007-12-12,508.04
2007-12-13,502.98
2007-12-14,487.34
2007-12-17,474.54
2007-12-18,478.86
2007-12-19,485.18
2007-12-20,485.21
2007-12-21,493.32
2007-12-24,511.11
2007-12-25,511.11
2007-12-26,502.22
2007-12-27,488.23
2007-12-28,481.24
2007-12-31,485.36
2008-01-02,481.69
2008-01-03,465.24
2008-01-04,447.66
2008-01-07,452.46
2008-01-08,435.5
2008-01-09,442.65
2008-01-10,450.07
2008-01-11,449.21
2008-01-14,448.35
2008-01-15,436.32
2008-01-16,444.55
2008-01-17,436.86
2008-01-18,431.49
2008-01-21,431.49
2008-01-22,445.47
2008-01-23,484.45
2008-01-24,474.31
2008-01-25,468.63
2008-01-28,485.01
2008-01-29,480.23
2008-01-30,470.33
2008-01-31,478.96
2008-02-01,497.84
2008-02-04,492.19
2008-02-05,473.35
2008-02-06,465.73
2008-02-07,476.86
2008-02-08,461.5
2008-02-11,453.45
2008-02-12,466.14
2008-02-13,468.95
2008-02-14,458.99
2008-02-15,462.99
2008-02-18,462.99
2008-02-19,457.77
2008-02-20,465.58
2008-02-21,455.21
2008-02-22,465.4
2008-02-25,480.39
2008-02-26,480.74
2008-02-27,476.88
2008-02-28,468.37
2008-02-29,460.38
2008-03-03,465.02
2008-03-04,461.65
2008-03-05,462.83
2008-03-06,443.69
2008-03-07,450.57
2008-03-10,442.91
2008-03-11,471.71
2008-03-12,463.25
2008-03-13,468.77
2008-03-14,460.61
2008-03-17,459.87
2008-03-18,481.83
2008-03-19,477.88
2008-03-20,496.59
2008-03-21,496.59
2008-03-24,505.32
2008-03-25,507.16
2008-03-26,496.39
2008-03-27,489.91
2008-03-28,484.08
2008-03-31,486.39
2008-04-01,512.72
2008-04-02,512.13
2008-04-03,522.67
2008-04-04,514.21
2008-04-07,514.44
2008-04-08,507.12
2008-04-09,495.62
2008-04-10,500.98
2008-04-11,493.25
2008-04-14,490.21
2008-04-15,496.23
2008-04-16,515.86
2008-04-17,518.51
2008-04-18,517.55
2008-04-21,511.63
2008-04-22,509.15
2008-04-23,517.03
2008-04-24,528.51
2008-04-25,529.94
2008-04-28,529.03
2008-04-29,521.78
2008-04-30,513.38
2008-05-01,526.03
2008-05-02,525
2008-05-05,524.15
2008-05-06,527.48
2008-05-07,512.15
2008-05-08,511.44
2008-05-09,507.65
2008-05-12,520.47
2008-05-13,522
2008-05-14,525.34
2008-05-15,531.36
2008-05-16,527.52
2008-05-19,527.88
2008-05-20,520.36
2008-05-21,508.77
2008-05-22,506.2
2008-05-23,503.1
2008-05-26,503.1
2008-05-27,510.92
2008-05-28,511.4
2008-05-29,517.84
2008-05-30,515.42
2008-06-02,506.27
2008-06-03,509.68
2008-06-04,513.02
2008-06-05,525.42
2008-06-06,502.6
2008-06-09,491.68
2008-06-10,494.84
2008-06-11,484.72
2008-06-12,489.19
2008-06-13,498.87
2008-06-16,505.22
2008-06-17,488.93
2008-06-18,481.91
2008-06-19,493.92
2008-06-20,481.15
2008-06-23,470.51
2008-06-24,472.28
2008-06-25,479.53
2008-06-26,461.18
2008-06-27,456.88
2008-06-30,456.9
2008-07-01,458.06
2008-07-02,449.07
2008-07-03,446.83
2008-07-04,446.83
2008-07-07,437.08
2008-07-08,466.93
2008-07-09,433.76
2008-07-10,443.54
2008-07-11,443.09
2008-07-14,426.89
2008-07-15,424.13
2008-07-16,452.22
2008-07-17,460.71
2008-07-18,461
2008-07-21,463.41
2008-07-22,477.79
2008-07-23,488.6
2008-07-24,455.8
2008-07-25,465.98
2008-07-28,453.77
2008-07-29,480.01
2008-07-30,477.75
2008-07-31,471.05
2008-08-01,471.22
2008-08-04,464.03
2008-08-05,486.59
2008-08-06,483.16
2008-08-07,469.19
2008-08-08,488.83
2008-08-11,499.9
2008-08-12,486.57
2008-08-13,479.53
2008-08-14,487.64
2008-08-15,486.43
2008-08-18,476.29
2008-08-19,465.65
2008-08-20,466.39
2008-08-21,460.24
2008-08-22,476.03
2008-08-25,460.47
2008-08-26,465.76
2008-08-27,469.38
2008-08-28,485.06
2008-08-29,479.7
2008-09-01,479.7
2008-09-02,483.9
2008-09-03,491.52
2008-09-04,476.8
2008-09-05,477.87
2008-09-08,499.11
2008-09-09,478.51
2008-09-10,481.33
2008-09-11,484.85
2008-09-12,490.81
2008-09-15,448.14
2008-09-16,476.91
2008-09-17,450.07
2008-09-18,500.52
2008-09-19,509.62
2008-09-22,464.22
2008-09-23,467.52
2008-09-24,460.81
2008-09-25,469.71
2008-09-26,483.38
2008-09-29,447.58
2008-09-30,476.28
2008-10-01,464.89
2008-10-02,434.97
2008-10-03,413.97
2008-10-06,399.27
2008-10-07,368.87
2008-10-08,366.13
2008-10-09,329.02
2008-10-10,375.44
2008-10-13,391.15
2008-10-14,363.82
2008-10-15,316.93
2008-10-16,332.57
2008-10-17,331.48
2008-10-20,333.3
2008-10-21,321.27
2008-10-22,296.2
2008-10-23,292.56
2008-10-24,272.99
2008-10-27,257.15
2008-10-28,302.39
2008-10-29,292.47
2008-10-30,304.28
2008-10-31,324.3
2008-11-03,312.14
2008-11-04,330.35
2008-11-05,296.24
2008-11-06,281.97
2008-11-07,299.82
2008-11-10,272.46
2008-11-11,268.37
2008-11-12,248.52
2008-11-13,276.63
2008-11-14,246.32
2008-11-17,237.3
2008-11-18,235.13
2008-11-19,204.83
2008-11-20,188.13
2008-11-21,201.49
2008-11-24,238.53
2008-11-25,241.49
2008-11-26,252.96
2008-11-27,252.96
2008-11-28,247.78
2008-12-01,199.78
2008-12-02,226.51
2008-12-03,238.14
2008-12-04,230.87
2008-12-05,254.95
2008-12-08,280.35
2008-12-09,256.55
2008-12-10,277.3
2008-12-11,234.95
2008-12-12,260.36
2008-12-15,249.83
2008-12-16,285.38
2008-12-17,289.25
2008-12-18,265.84
2008-12-19,280.93
2008-12-22,271.94
2008-12-23,271.38
2008-12-24,273.44
2008-12-25,273.44
2008-12-26,276.37
2008-12-29,260.93
2008-12-30,272.81
2008-12-31,285.79
2009-01-02,276.44
2009-01-05,270.07
2009-01-06,285.12
2009-01-07,273.61
2009-01-08,271.48
2009-01-09,257.93
2009-01-12,242.11
2009-01-13,249.83
2009-01-14,236.9
2009-01-15,244.77
2009-01-16,255.19
2009-01-19,255.19
2009-01-20,225.57
2009-01-21,249.52
2009-01-22,236.92
2009-01-23,243.66
2009-01-26,242.3
2009-01-27,246.08
2009-01-28,267.02
2009-01-29,244.87
2009-01-30,235.73
2009-02-02,240.13
2009-02-03,237.86
2009-02-04,233.02
2009-02-05,227.87
2009-02-06,244.53
2009-02-09,247.24
2009-02-10,224.54
2009-02-11,228.59
2009-02-12,224.59
2009-02-13,211.01
2009-02-17,196.18
2009-02-18,199.06
2009-02-19,189.95
2009-02-20,202.34
2009-02-23,186.6
2009-02-24,203.01
2009-02-25,198.37
2009-02-26,188.32
2009-02-27,185.56
2009-03-02,171.49
2009-03-03,173.32
2009-03-04,177.67
2009-03-05,165.21
2009-03-06,163.57
2009-03-09,167.02
2009-03-10,191.5
2009-03-11,187.7
2009-03-12,202.54
2009-03-13,197.63
2009-03-16,181.58
2009-03-17,196.37
2009-03-18,206.13
2009-03-19,194.32
2009-03-20,177.84
2009-03-23,208.02
2009-03-24,190.52
2009-03-25,193.45
2009-03-26,199.76
2009-03-27,188.84
2009-03-30,177.07
2009-03-31,191.22
2009-04-01,189.32
2009-04-02,202.83
2009-04-03,220.5
2009-04-06,218.33
2009-04-07,199.12
2009-04-08,203.74
2009-04-09,231.29
2009-04-13,232.96
2009-04-14,213.18
2009-04-15,231.66
2009-04-16,240.84
2009-04-17,243.92
2009-04-20,216.97
2009-04-21,238.36
2009-04-22,228.9
2009-04-23,239.67
2009-04-24,253.02
2009-04-27,236.06
2009-04-28,238.99
2009-04-29,249.17
2009-04-30,249.55
2009-05-01,238.98
2009-05-04,259.96
2009-05-05,250.01
2009-05-06,258.99
2009-05-07,242.17
2009-05-08,261.56
2009-05-11,249.69
2009-05-12,247.68
2009-05-13,230.42
2009-05-14,239.18
2009-05-15,229.53
2009-05-18,249.47
2009-05-19,243.81
2009-05-20,241.54
2009-05-21,242.04
2009-05-22,236.6
2009-05-26,251.61
2009-05-27,241.29
2009-05-28,247.38
2009-05-29,253.81
2009-06-01,263.95
2009-06-02,259.34
2009-06-03,259.59
2009-06-04,267.89
2009-06-05,264.38
2009-06-08,263.76
2009-06-09,262.67
2009-06-10,256.76
2009-06-11,251.22
2009-06-12,259.39
2009-06-15,245.58
2009-06-16,242.79
2009-06-17,237.84
2009-06-18,240.01
2009-06-19,242.63
2009-06-22,229.13
2009-06-23,230.91
2009-06-24,235.51
2009-06-25,239.03
2009-06-26,241.16
2009-06-29,241.24
2009-06-30,242.83
2009-07-01,245.69
2009-07-02,231.25
2009-07-06,239.25
2009-07-07,229.12
2009-07-08,226.48
2009-07-09,223.01
2009-07-10,222.64
2009-07-13,232.47
2009-07-14,234.62
2009-07-15,243.4
2009-07-16,245.39
2009-07-17,238.62
2009-07-20,248
2009-07-21,246.24
2009-07-22,247.22
2009-07-23,257.01
2009-07-24,258.57
2009-07-27,262.55
2009-07-28,261.5
2009-07-29,258.34
2009-07-30,267.73
2009-07-31,267.59
2009-08-03,272.11
2009-08-04,286.48
2009-08-05,297.83
2009-08-06,295.41
2009-08-07,311.19
2009-08-10,303.48
2009-08-11,294.57
2009-08-12,296.85
2009-08-13,297.54
2009-08-14,295.14
2009-08-17,278.62
2009-08-18,282.6
2009-08-19,279.97
2009-08-20,291.4
2009-08-21,298.81
2009-08-24,297.12
2009-08-25,300.6
2009-08-26,301.98
2009-08-27,305.07
2009-08-28,306.89
2009-08-31,302.32
2009-09-01,286.33
2009-09-02,280.78
2009-09-03,285.95
2009-09-04,289.16
2009-09-08,299.24
2009-09-09,305.33
2009-09-10,309.47
2009-09-11,308.15
2009-09-14,317.72
2009-09-15,322.87
2009-09-16,336.07
2009-09-17,333.53
2009-09-18,334.58
2009-09-21,328.4
2009-09-22,339.19
2009-09-23,326.02
2009-09-24,314.72
2009-09-25,315.33
2009-09-28,328.67
2009-09-29,322.76
2009-09-30,320.19
2009-10-01,305.81
2009-10-02,302.86
2009-10-05,311.12
2009-10-06,311.26
2009-10-07,310.62
2009-10-08,316.38
2009-10-09,319.32
2009-10-12,319
2009-10-13,314.37
2009-10-14,325.87
2009-10-15,323.35
2009-10-16,315.14
2009-10-19,321.59
2009-10-20,315.49
2009-10-21,311.73
2009-10-22,320.05
2009-10-23,315.99
2009-10-26,315.55
2009-10-27,310.71
2009-10-28,297.66
2009-10-29,311.2
2009-10-30,305.19
2009-11-02,306.07
2009-11-03,310.75
2009-11-04,303.86
2009-11-05,310.39
2009-11-06,305.29
2009-11-09,320.16
2009-11-10,317.4
2009-11-11,323.8
2009-11-12,319.3
2009-11-13,323.83
2009-11-16,331.33
2009-11-17,325.55
2009-11-18,331.9
2009-11-19,323.58
2009-11-20,321.99
2009-11-23,325.81
2009-11-24,320.94
2009-11-25,322.07
2009-11-27,312.55
2009-11-30,325.14
2009-12-01,329.24
2009-12-02,334.42
2009-12-03,330.83
2009-12-04,340.65
2009-12-07,333.81
2009-12-08,332.01
2009-12-09,331.45
2009-12-10,330.43
2009-12-11,335.27
2009-12-14,341.45
2009-12-15,337.65
2009-12-16,339.94
2009-12-17,337.85
2009-12-18,340.21
2009-12-21,344.51
2009-12-22,347.77
2009-12-23,351.81
2009-12-24,356.67
2009-12-28,358.07
2009-12-29,353.1
2009-12-30,353.27
2009-12-31,346.6
2010-01-01,346.6
2010-01-04,344.91
2010-01-05,345.71
2010-01-06,345.06
2010-01-07,349.22
2010-01-08,346.19
2010-01-11,348.42
2010-01-12,342.53
2010-01-13,349.6
2010-01-14,348.46
2010-01-15,345.77
2010-01-18,345.77
2010-01-19,353.72
2010-01-20,348.75
2010-01-21,338.28
2010-01-22,330.56
2010-01-25,332.91
2010-01-26,330.06
2010-01-27,332.79
2010-01-28,329.5
2010-01-29,327.88
2010-02-01,333.8
2010-02-02,338.83
2010-02-03,332.87
2010-02-04,320.31
2010-02-05,326.56
2010-02-08,318.53
2010-02-09,317.99
2010-02-10,318.25
2010-02-11,321.17
2010-02-12,324.17
2010-02-15,324.17
2010-02-16,333.52
2010-02-17,336.51
2010-02-18,340.89
2010-02-19,341.55
2010-02-22,342.71
2010-02-23,339.72
2010-02-24,343.17
2010-02-25,344.27
2010-02-26,344.16
2010-03-01,346.88
2010-03-02,347.39
2010-03-03,346.24
2010-03-04,348.23
2010-03-05,357.59
2010-03-08,361.52
2010-03-09,363.42
2010-03-10,365.35
2010-03-11,367
2010-03-12,370.07
2010-03-15,368.98
2010-03-16,377.71
2010-03-17,382.86
2010-03-18,381.35
2010-03-19,377.46
2010-03-22,381.95
2010-03-23,380.8
2010-03-24,382.78
2010-03-25,384.11
2010-03-26,382.02
2010-03-29,381.95
2010-03-30,381.66
2010-03-31,377.43
2010-04-01,378.96
2010-04-02,378.96
2010-04-05,388.28
2010-04-06,396.51
2010-04-07,387.65
2010-04-08,387.59
2010-04-09,394.24
2010-04-12,391.04
2010-04-13,400.53
2010-04-14,400.67
2010-04-15,390.04
2010-04-16,381.1
2010-04-19,383.36
2010-04-20,389.6
2010-04-21,396.76
2010-04-22,403.21
2010-04-23,408.27
2010-04-26,411.63
2010-04-27,397.86
2010-04-28,398.8
2010-04-29,416.69
2010-04-30,402.86
2010-05-03,416.64
2010-05-04,406.63
2010-05-05,400.22
2010-05-06,384.5
2010-05-07,377.67
2010-05-10,403.8
2010-05-11,404.4
2010-05-12,411.01
2010-05-13,404.71
2010-05-14,391.28
2010-05-17,391.88
2010-05-18,381.11
2010-05-19,377.18
2010-05-20,358.82
2010-05-21,371.4
2010-05-24,362.61
2010-05-25,365.66
2010-05-26,364.59
2010-05-27,384.83
2010-05-28,379.36
2010-05-31,379.36
2010-06-01,371.81
2010-06-02,379.87
2010-06-03,378.27
2010-06-04,356.5
2010-06-07,354.85
2010-06-08,361.39
2010-06-09,363.74
2010-06-10,379.89
2010-06-11,383.83
2010-06-14,388.2
2010-06-15,397.2
2010-06-16,393.36
2010-06-17,394.02
2010-06-18,392.73
2010-06-21,390.12
2010-06-22,377.76
2010-06-23,379.26
2010-06-24,370.25
2010-06-25,380.82
2010-06-28,375.48
2010-06-29,362.47
2010-06-30,358.71
2010-07-01,357.98
2010-07-02,350.65
2010-07-05,350.65
2010-07-06,342.95
2010-07-07,360.36
2010-07-08,364.2
2010-07-09,369.6
2010-07-12,369.86
2010-07-13,379.17
2010-07-14,376.93
2010-07-15,375.73
2010-07-16,362.86
2010-07-19,368.31
2010-07-20,375.53
2010-07-21,366.53
2010-07-22,381.26
2010-07-23,385.65
2010-07-26,395.73
2010-07-27,394.79
2010-07-28,393.74
2010-07-29,390.36
2010-07-30,392.17
2010-08-02,405.53
2010-08-03,401.59
2010-08-04,404
2010-08-05,398.52
2010-08-06,396.88
2010-08-09,401.97
2010-08-10,397.05
2010-08-11,386.62
2010-08-12,381.85
2010-08-13,380.97
2010-08-16,381.32
2010-08-17,390.56
2010-08-18,390.46
2010-08-19,380
2010-08-20,378.9
2010-08-23,377.01
2010-08-24,374.99
2010-08-25,381.92
2010-08-26,379.32
2010-08-27,385.86
2010-08-30,381.79
2010-08-31,385.36
2010-09-01,397.97
2010-09-02,402.93
2010-09-03,408.17
2010-09-06,408.17
2010-09-07,401.55
2010-09-08,402.44
2010-09-09,398.54
2010-09-10,400.57
2010-09-13,406.65
2010-09-14,405.51
2010-09-15,408.74
2010-09-16,405.96
2010-09-17,407.45
2010-09-20,417.5
2010-09-21,410.42
2010-09-22,405.43
2010-09-23,394.66
2010-09-24,406.88
2010-09-27,401.82
2010-09-28,403.64
2010-09-29,399.98
2010-09-30,400.92
2010-10-01,403.14
2010-10-04,406.13
2010-10-05,413.13
2010-10-06,410.65
2010-10-07,411.22
2010-10-08,412.35
2010-10-11,412.22
2010-10-12,415.24
2010-10-13,419.78
2010-10-14,418.35
2010-10-15,417.89
2010-10-18,423.76
2010-10-19,418.06
2010-10-20,427.56
2010-10-21,426.49
2010-10-22,426.33
2010-10-25,427.59
2010-10-26,424.14
2010-10-27,420.62
2010-10-28,418.44
2010-10-29,419.01
2010-11-01,422.55
2010-11-02,425.58
2010-11-03,424.79
2010-11-04,435.41
2010-11-05,439.64
2010-11-08,436.8
2010-11-09,419.64
2010-11-10,424.85
2010-11-11,421.23
2010-11-12,416.34
2010-11-15,412.72
2010-11-16,398.55
2010-11-17,402.04
2010-11-18,405.38
2010-11-19,407.89
2010-11-22,408.57
2010-11-23,404.91
2010-11-24,413.77
2010-11-25,413.77
2010-11-26,411.95
2010-11-29,412.28
2010-11-30,409.36
2010-12-01,413.32
2010-12-02,419.41
2010-12-03,419.62
2010-12-06,419.81
2010-12-07,421.27
2010-12-08,414.72
2010-12-09,410.64
2010-12-10,414.58
2010-12-13,414.78
2010-12-14,410.03
2010-12-15,405.32
2010-12-16,406.05
2010-12-17,409.22
2010-12-20,414.72
2010-12-21,418.99
2010-12-22,421.42
2010-12-23,419.59
2010-12-24,419.59
2010-12-27,424.86
2010-12-28,426.19
2010-12-29,427.41
2010-12-30,427.94
2010-12-31,426.55
2011-01-03,435.3
2011-01-04,426.82
2011-01-05,429.64
2011-01-06,425.57
2011-01-07,425.91
2011-01-10,425.94
2011-01-11,425.23
2011-01-12,427.77
2011-01-13,428.44
2011-01-14,431.7
2011-01-17,431.7
2011-01-18,435.04
2011-01-19,428.59
2011-01-20,429.09
2011-01-21,430.97
2011-01-24,433.38
2011-01-25,438.36
2011-01-26,439.18
2011-01-27,445.44
2011-01-28,437.13
2011-01-31,443.41
2011-02-01,445.72
2011-02-02,444.46
2011-02-03,446.08
2011-02-04,442.37
2011-02-07,447.13
2011-02-08,448.91
2011-02-09,449.29
2011-02-10,450.59
2011-02-11,453.92
2011-02-14,453.5
2011-02-15,451.58
2011-02-16,453.33
2011-02-17,453.75
2011-02-18,455.39
2011-02-21,455.39
2011-02-22,450.22
2011-02-23,445.99
2011-02-24,443.53
2011-02-25,452.53
2011-02-28,462.24
2011-03-01,448.82
2011-03-02,444.44
2011-03-03,451.54
2011-03-04,446.63
2011-03-07,443.2
2011-03-08,449.74
2011-03-09,449.01
2011-03-10,441.75
2011-03-11,447.21
2011-03-14,443.38
2011-03-15,440.84
2011-03-16,433.93
2011-03-17,437.63
2011-03-18,441.51
2011-03-21,446.93
2011-03-22,443.35
2011-03-23,438.71
2011-03-24,440.87
2011-03-25,444.04
2011-03-28,443.47
2011-03-29,445.46
2011-03-30,451.03
2011-03-31,454.63
2011-04-01,455.35
2011-04-04,455.14
2011-04-05,455.14
2011-04-06,454.97
2011-04-07,449.69
2011-04-08,446.15
2011-04-11,446.22
2011-04-12,444.87
2011-04-13,444.13
2011-04-14,450.66
2011-04-15,456.09
2011-04-18,451.02
2011-04-19,455.35
2011-04-20,460.6
2011-04-21,463.54
2011-04-22,463.54
2011-04-25,466.4
2011-04-26,471.24
2011-04-27,474.15
2011-04-28,480.13
2011-04-29,477.13
2011-05-02,477.1
2011-05-03,473.29
2011-05-04,470.45
2011-05-05,469.44
2011-05-06,465.4
2011-05-09,468.1
2011-05-10,475.57
2011-05-11,469.62
2011-05-12,470.34
2011-05-13,465.07
2011-05-16,466.12
2011-05-17,465.54
2011-05-18,470.35
2011-05-19,471.55
2011-05-20,465.97
2011-05-23,460.86
2011-05-24,462.72
2011-05-25,464.88
2011-05-26,470.95
2011-05-27,472.46
2011-05-30,472.46
2011-05-31,480.18
2011-06-01,466.01
2011-06-02,463.06
2011-06-03,464.6
2011-06-06,458.12
2011-06-07,463.78
2011-06-08,461.63
2011-06-09,456.89
2011-06-10,445.59
2011-06-13,446.77
2011-06-14,453.64
2011-06-15,445.87
2011-06-16,449.47
2011-06-17,453.61
2011-06-20,459.1
2011-06-21,463.12
2011-06-22,461.3
2011-06-23,452.15
2011-06-24,451.76
2011-06-27,454.46
2011-06-28,457.37
2011-06-29,462.12
2011-06-30,463.71
2011-07-01,472.09
2011-07-04,472.09
2011-07-05,475.37
2011-07-06,478.67
2011-07-07,484.35
2011-07-08,482.8
2011-07-11,474.26
2011-07-12,476.2
2011-07-13,471.58
2011-07-14,466.79
2011-07-15,472.24
2011-07-18,468.47
2011-07-19,476.94
2011-07-20,479.92
2011-07-21,483.97
2011-07-22,486.04
2011-07-25,480.62
2011-07-26,480.87
2011-07-27,467.22
2011-07-28,467.76
2011-07-29,467.83
2011-08-01,460.48
2011-08-02,445.71
2011-08-03,443.12
2011-08-04,420.6
2011-08-05,410.77
2011-08-08,374.15
2011-08-09,409.97
2011-08-10,398.8
2011-08-11,419.89
2011-08-12,418.49
2011-08-15,433.69
2011-08-16,431.53
2011-08-17,432.77
2011-08-18,412.75
2011-08-19,405.07
2011-08-22,406.01
2011-08-23,416.65
2011-08-24,422.16
2011-08-25,413.56
2011-08-26,420.08
2011-08-29,434.01
2011-08-30,435.47
2011-08-31,440.09
2011-09-01,432.8
2011-09-02,421.73
2011-09-05,421.73
2011-09-06,420.56
2011-09-07,436.89
2011-09-08,432.79
2011-09-09,418.84
2011-09-12,420.36
2011-09-13,421.86
2011-09-14,424.65
2011-09-15,431.21
2011-09-16,435.21
2011-09-19,425.71
2011-09-20,425.17
2011-09-21,403.37
2011-09-22,392.64
2011-09-23,396.69
2011-09-26,402.12
2011-09-27,406.47
2011-09-28,394.26
2011-09-29,401.62
2011-09-30,390.09
2011-10-03,371.48
2011-10-04,387.82
2011-10-05,384.11
2011-10-06,394.69
2011-10-07,382.74
2011-10-10,402.48
2011-10-11,394.45
2011-10-12,401.53
2011-10-13,397.9
2011-10-14,408.05
2011-10-17,397.44
2011-10-18,412.15
2011-10-19,406.74
2011-10-20,409.24
2011-10-21,422.66
2011-10-24,432.99
2011-10-25,424.7
2011-10-26,429.01
2011-10-27,449.36
2011-10-28,449.59
2011-10-31,444.97
2011-11-01,428.57
2011-11-02,438.59
2011-11-03,444.04
2011-11-04,440.15
2011-11-07,440.87
2011-11-08,446.22
2011-11-09,425.3
2011-11-10,425.66
2011-11-11,437.11
2011-11-14,427.24
2011-11-15,431.93
2011-11-16,426.5
2011-11-17,418.94
2011-11-18,422.72
2011-11-21,411.12
2011-11-22,408.93
2011-11-23,397.1
2011-11-24,397.1
2011-11-25,398.67
2011-11-28,408.01
2011-11-29,407.06
2011-11-30,426.74
2011-12-01,421.63
2011-12-02,422.81
2011-12-05,426.14
2011-12-06,425.88
2011-12-07,430.65
2011-12-08,420.26
2011-12-09,429.35
2011-12-12,421.15
2011-12-13,416.66
2011-12-14,418.75
2011-12-15,424.86
2011-12-16,429.35
2011-12-19,424.77
2011-12-20,438.73
2011-12-21,439.51
2011-12-22,445.33
2011-12-23,447.26
2011-12-26,447.26
2011-12-27,449.41
2011-12-28,442.93
2011-12-29,447.1
2011-12-30,444.96
2012-01-02,444.96
2012-01-03,448.68
2012-01-04,441.16
2012-01-05,445.83
2012-01-06,443.99
2012-01-09,442.85
2012-01-10,448.54
2012-01-11,451.56
2012-01-12,448.82
2012-01-13,449.88
2012-01-16,449.88
2012-01-17,453.09
2012-01-18,456.59
2012-01-19,458.51
2012-01-20,461.08
2012-01-23,462.27
2012-01-24,465.25
2012-01-25,470.89
2012-01-26,473.55
2012-01-27,474.47
2012-01-30,470.3
2012-01-31,472.55
2012-02-01,476.83
2012-02-02,477.25
2012-02-03,484.08
2012-02-06,482.12
2012-02-07,481.37
2012-02-08,482.19
2012-02-09,478.43
2012-02-10,473.86
2012-02-13,479.49
2012-02-14,473.57
2012-02-15,471.26
2012-02-16,475.74
2012-02-17,475.56
2012-02-20,475.56
2012-02-21,469.43
2012-02-22,465.5
2012-02-23,471.88
2012-02-24,472.46
2012-02-27,471.83
2012-02-28,468.09
2012-02-29,467.03
2012-03-01,469.89
2012-03-02,469.02
2012-03-05,473.19
2012-03-06,466.58
2012-03-07,469.11
2012-03-08,467.43
2012-03-09,469.61
2012-03-12,471.78
2012-03-13,481.35
2012-03-14,479.84
2012-03-15,479.96
2012-03-16,482.2
2012-03-19,486.04
2012-03-20,484.72
2012-03-21,483.31
2012-03-22,477.16
2012-03-23,479.96
2012-03-26,484.86
2012-03-27,484.9
2012-03-28,483.39
2012-03-29,483.35
2012-03-30,487.64
2012-04-02,490.99
2012-04-03,488.63
2012-04-04,483.37
2012-04-05,481.97
2012-04-06,481.97
2012-04-09,476.62
2012-04-10,466.53
2012-04-11,472.76
2012-04-12,479.24
2012-04-13,476.1
2012-04-16,483.21
2012-04-17,487.51
2012-04-18,483.94
2012-04-19,483.57
2012-04-20,489.54
2012-04-23,483.4
2012-04-24,490.88
2012-04-25,496.57
2012-04-26,497.66
2012-04-27,500.59
2012-04-30,499.84
2012-05-01,504
2012-05-02,503.81
2012-05-03,501.7
2012-05-04,497.18
2012-05-07,500.87
2012-05-08,500.1
2012-05-09,498.31
2012-05-10,498.7
2012-05-11,499.67
2012-05-14,493.17
2012-05-15,491.13
2012-05-16,485.02
2012-05-17,471.31
2012-05-18,465.79
2012-05-21,475.82
2012-05-22,476.57
2012-05-23,477.96
2012-05-24,479.84
2012-05-25,477.71
2012-05-28,477.71
2012-05-29,484.77
2012-05-30,473.27
2012-05-31,476.38
2012-06-01,464.27
2012-06-04,462
2012-06-05,470.53
2012-06-06,481.28
2012-06-07,478
2012-06-08,484.61
2012-06-11,474.02
2012-06-12,479.13
2012-06-13,476.12
2012-06-14,483.19
2012-06-15,486.2
2012-06-18,489.93
2012-06-19,492.42
2012-06-20,491.87
2012-06-21,483.72
2012-06-22,483.66
2012-06-25,480.96
2012-06-26,483.51
2012-06-27,485.53
2012-06-28,490.27
2012-06-29,502.7
2012-07-02,507.79
2012-07-03,510.44
2012-07-04,510.44
2012-07-05,507.53
2012-07-06,508.41
2012-07-09,509.5
2012-07-10,503.1
2012-07-11,504.36
2012-07-12,506.02
2012-07-13,512.74
2012-07-16,513.94
2012-07-17,518.82
2012-07-18,514.22
2012-07-19,509.39
2012-07-20,506.86
2012-07-23,503.52
2012-07-24,501.39
2012-07-25,501.47
2012-07-26,505.93
2012-07-27,511.84
2012-07-30,513.1
2012-07-31,512.86
2012-08-01,510.7
2012-08-02,511.25
2012-08-03,515.93
2012-08-06,514.65
2012-08-07,508.78
2012-08-08,504.64
2012-08-09,503.1
2012-08-10,503.83
2012-08-13,503.82
2012-08-14,503.31
2012-08-15,505.2
2012-08-16,508.44
2012-08-17,509.25
2012-08-20,507.79
2012-08-21,507.99
2012-08-22,507.9
2012-08-23,506.03
2012-08-24,508.16
2012-08-27,509.65
2012-08-28,511.14
2012-08-29,511.57
2012-08-30,510.67
2012-08-31,511.99
2012-09-03,511.99
2012-09-04,515.83
2012-09-05,514.92
2012-09-06,519.45
2012-09-07,519.91
2012-09-10,515.6
2012-09-11,517.51
2012-09-12,518.61
2012-09-13,525.4
2012-09-14,527.62
2012-09-17,525.8
2012-09-18,520.97
2012-09-19,518.17
2012-09-20,511.13
2012-09-21,511.3
2012-09-24,510.42
2012-09-25,503
2012-09-26,501.96
2012-09-27,504.58
2012-09-28,503.64
2012-10-01,499.95
2012-10-02,503.29
2012-10-03,505.24
2012-10-04,503.93
2012-10-05,505.23
2012-10-08,503.9
2012-10-09,501.93
2012-10-10,504.17
2012-10-11,503.59
2012-10-12,501.8
2012-10-15,507.17
2012-10-16,509.42
2012-10-17,508.64
2012-10-18,513.64
2012-10-19,509.21
2012-10-22,506.86
2012-10-23,502.39
2012-10-24,502.14
2012-10-25,499.92
2012-10-26,496.42
2012-10-29,496.42
2012-10-30,496.42
2012-10-31,501.68
2012-11-01,502.79
2012-11-02,505.61
2012-11-05,502.65
2012-11-06,504.33
2012-11-07,502.32
2012-11-08,496.11
2012-11-09,494.73
2012-11-12,493.97
2012-11-13,493.42
2012-11-14,483.38
2012-11-15,480.52
2012-11-16,484.4
2012-11-19,490.43
2012-11-20,493.21
2012-11-21,492.71
2012-11-22,492.71
2012-11-23,497.15
2012-11-26,497.57
2012-11-27,495.01
2012-11-28,494.41
2012-11-29,496.91
2012-11-30,498.73
2012-12-03,500.57
2012-12-04,501.05
2012-12-05,498.96
2012-12-06,503.66
2012-12-07,505.61
2012-12-10,505.45
2012-12-11,506.47
2012-12-12,505.56
2012-12-13,501.25
2012-12-14,501.35
2012-12-17,504.57
2012-12-18,509.07
2012-12-19,507.81
2012-12-20,515.01
2012-12-21,513.14
2012-12-24,514.39
2012-12-25,514.39
2012-12-26,511.26
2012-12-27,512.58
2012-12-28,508.56
2012-12-31,514.43
2013-01-01,514.43
2013-01-02,521.7
2013-01-03,521.02
2013-01-04,523.27
2013-01-07,524.41
2013-01-08,523.62
2013-01-09,525.85
2013-01-10,526.68
2013-01-11,526.56
2013-01-14,527.6
2013-01-15,530.38
2013-01-16,529.14
2013-01-17,530.82
2013-01-18,532.9
2013-01-21,532.9
2013-01-22,536.09
2013-01-23,535.98
2013-01-24,537.2
2013-01-25,539.81
2013-01-28,539.76
2013-01-29,541.04
2013-01-30,535.7
2013-01-31,532.3
2013-02-01,535.35
2013-02-04,534.2
2013-02-05,533.62
2013-02-06,534.68
2013-02-07,532.32
2013-02-08,537.11
2013-02-11,537.74
2013-02-12,540.79
2013-02-13,539.71
2013-02-14,537.65
2013-02-15,538.89
2013-02-18,538.89
2013-02-19,542.32
2013-02-20,538.32
2013-02-21,533.82
2013-02-22,539.36
2013-02-25,529.39
2013-02-26,533.97
2013-02-27,538.47
2013-02-28,537.76
2013-03-01,540.32
2013-03-04,544.27
2013-03-05,548.48
2013-03-06,546.39
2013-03-07,543.98
2013-03-08,544.47
2013-03-11,545.13
2013-03-12,542.47
2013-03-13,542.85
2013-03-14,546.43
2013-03-15,546.83
2013-03-18,543.79
2013-03-19,541.1
2013-03-20,543.7
2013-03-21,541.79
2013-03-22,545.05
2013-03-25,545.17
2013-03-26,548.63
2013-03-27,549.17
2013-03-28,551.62
2013-03-29,551.62
2013-04-01,552.91
2013-04-02,555.27
2013-04-03,552.61
2013-04-04,560.99
2013-04-05,562.22
2013-04-08,568.4
2013-04-09,567.78
2013-04-10,571.3
2013-04-11,574.88
2013-04-12,575.98
2013-04-15,563.67
2013-04-16,573.06
2013-04-17,566.01
2013-04-18,565.37
2013-04-19,574.15
2013-04-22,573.42
2013-04-23,577.19
2013-04-24,578.57
2013-04-25,577.59
2013-04-26,575.29
2013-04-29,579.45
2013-04-30,585.66
2013-05-01,580.92
2013-05-02,584.62
2013-05-03,586.43
2013-05-06,589.37
2013-05-07,592.62
2013-05-08,593.12
2013-05-09,588.81
2013-05-10,590.82
2013-05-13,593.16
2013-05-14,596.18
2013-05-15,600.89
2013-05-16,597.57
2013-05-17,601.75
2013-05-20,602.46
2013-05-21,606.29
2013-05-22,591.01
2013-05-23,581.4
2013-05-24,579.7
2013-05-27,579.7
2013-05-28,574.76
2013-05-29,562.1
2013-05-30,556.26
2013-05-31,549.62
2013-06-03,552.38
2013-06-04,544.69
2013-06-05,539.38
2013-06-06,549.03
2013-06-07,548.45
2013-06-10,543.65
2013-06-11,535.65
2013-06-12,527.41
2013-06-13,541.4
2013-06-14,543.54
2013-06-17,545
2013-06-18,547.31
2013-06-19,529.98
2013-06-20,508.31
2013-06-21,515.59
2013-06-24,512.49
2013-06-25,521.74
2013-06-26,527.75
2013-06-27,538.15
2013-06-28,535.2
2013-07-01,532.84
2013-07-02,540.68
2013-07-03,536.2
2013-07-04,536.2
2013-07-05,535.06
2013-07-08,535.79
2013-07-09,543.34
2013-07-10,544.05
2013-07-11,557.61
2013-07-12,555.21
2013-07-15,556.22
2013-07-16,555.8
2013-07-17,557.79
2013-07-18,562.73
2013-07-19,561.9
2013-07-22,563.71
2013-07-23,563.17
2013-07-24,551.92
2013-07-25,552.83
2013-07-26,553.32
2013-07-29,548.63
2013-07-30,547.35
2013-07-31,538.83
2013-08-01,536.68
2013-08-02,533.99
2013-08-05,533.49
2013-08-06,531.43
2013-08-07,529.18
2013-08-08,528.77
2013-08-09,534.09
2013-08-12,529.94
2013-08-13,522.48
2013-08-14,521.3
2013-08-15,511.27
2013-08-16,499.35
2013-08-19,493.24
2013-08-20,504.06
2013-08-21,503.23
2013-08-22,505.62
2013-08-23,511.39
2013-08-26,509.88
2013-08-27,507.55
2013-08-28,504.75
2013-08-29,505.41
2013-08-30,501.65
2013-09-02,501.65
2013-09-03,497.21
2013-09-04,500.73
2013-09-05,495.95
2013-09-06,504.83
2013-09-09,515.36
2013-09-10,515.26
2013-09-11,517.93
2013-09-12,513.9
2013-09-13,515.36
2013-09-16,520.83
2013-09-17,519.99
2013-09-18,537.21
2013-09-19,535.99
2013-09-20,527
2013-09-23,523.81
2013-09-24,519.95
2013-09-25,521.65
2013-09-26,524.15
2013-09-27,521.74
2013-09-30,516.39
2013-10-01,523.75
2013-10-02,523.9
2013-10-03,515.2
2013-10-04,514.61
2013-10-07,516.22
2013-10-08,510.55
2013-10-09,510.7
2013-10-10,523.68
2013-10-11,529.36
2013-10-14,529.27
2013-10-15,527.38
2013-10-16,537.48
2013-10-17,546.18
2013-10-18,544.94
2013-10-21,542.3
2013-10-22,547.52
2013-10-23,547.69
2013-10-24,548.23
2013-10-25,553.64
2013-10-28,549.63
2013-10-29,545.74
2013-10-30,541.47
2013-10-31,537.63
2013-11-01,540.25
2013-11-04,541.44
2013-11-05,532.35
2013-11-06,532.28
2013-11-07,524.84
2013-11-08,518.81
2013-11-11,519.04
2013-11-12,516.47
2013-11-13,519.51
2013-11-14,523.36
2013-11-15,525.15
2013-11-18,521.73
2013-11-19,517.86
2013-11-20,512.92
2013-11-21,516.41
2013-11-22,514.27
2013-11-25,511.56
2013-11-26,510.3
2013-11-27,515.61
2013-11-28,515.61
2013-11-29,510.21
2013-12-02,507.33
2013-12-03,506.4
2013-12-04,508.2
2013-12-05,509.62
2013-12-06,513.95
2013-12-09,516.06
2013-12-10,515.09
2013-12-11,502.89
2013-12-12,499.38
2013-12-13,501.47
2013-12-16,502.63
2013-12-17,504.91
2013-12-18,514.14
2013-12-19,507.18
2013-12-20,510.82
2013-12-23,511.33
2013-12-24,512
2013-12-25,512
2013-12-26,512.24
2013-12-27,511.49
2013-12-30,512.63
2013-12-31,510.33
2014-01-01,510.33
2014-01-02,509.21
2014-01-03,512.78
2014-01-06,514.42
2014-01-07,516.32
2014-01-08,514.45
2014-01-09,514.35
2014-01-10,520.14
2014-01-13,516.56
2014-01-14,520.84
2014-01-15,524.03
2014-01-16,525.1
2014-01-17,523.11
2014-01-20,523.11
2014-01-21,527.36
2014-01-22,528.63
2014-01-23,526.45
2014-01-24,518.88
2014-01-27,515.66
2014-01-28,520.63
2014-01-29,516.83
2014-01-30,524.61
2014-01-31,526.52
2014-02-03,516.69
2014-02-04,522.47
2014-02-05,521.23
2014-02-06,525.69
2014-02-07,529.57
2014-02-10,534.54
2014-02-11,537.17
2014-02-12,536.31
2014-02-13,539.26
2014-02-14,541.37
2014-02-17,541.37
2014-02-18,543.38
2014-02-19,543.65
2014-02-20,543.66
2014-02-21,543.74
2014-02-24,544.63
2014-02-25,545.02
2014-02-26,546.05
2014-02-27,545.55
2014-02-28,549.55
2014-03-03,549.35
2014-03-04,556.64
2014-03-05,554.99
2014-03-06,552.06
2014-03-07,546.53
2014-03-10,543.71
2014-03-11,546.73
2014-03-12,547.36
2014-03-13,544.97
2014-03-14,546.16
2014-03-17,547.3
2014-03-18,549.35
2014-03-19,538.74
2014-03-20,539.88
2014-03-21,544.34
2014-03-24,541.32
2014-03-25,545.6
2014-03-26,539.35
2014-03-27,541.62
2014-03-28,545.28
2014-03-31,548.87
2014-04-01,551.08
2014-04-02,551.31
2014-04-03,550.28
2014-04-04,551.41
2014-04-07,552.75
2014-04-08,555.55
2014-04-09,554.46
2014-04-10,549.08
2014-04-11,544.8
2014-04-14,548.28
2014-04-15,554.14
2014-04-16,558.07
2014-04-17,556.21
2014-04-18,556.21
2014-04-21,558.78
2014-04-22,560.36
2014-04-23,558.26
2014-04-24,560.23
2014-04-25,557.95
2014-04-28,561.98
2014-04-29,561.98
2014-04-30,564.38
2014-05-01,567.44
2014-05-02,568.13
2014-05-05,570.35
2014-05-06,568
2014-05-07,574.93
2014-05-08,575.07
2014-05-09,575.52
2014-05-12,577.44
2014-05-13,573.69
2014-05-14,573.81
2014-05-15,572.5
2014-05-16,577.37
2014-05-19,574.97
2014-05-20,573
2014-05-21,570.44
2014-05-22,569.42
2014-05-23,574.13
2014-05-26,574.13
2014-05-27,578.33
2014-05-28,575.28
2014-05-29,576.51
2014-05-30,579.19
2014-06-02,580.27
2014-06-03,579.69
2014-06-04,580.44
2014-06-05,590.17
2014-06-06,588.42
2014-06-09,581.6
2014-06-10,577.49
2014-06-11,575.57
2014-06-12,573.7
2014-06-13,574.91
2014-06-16,572.26
2014-06-17,573.5
2014-06-18,577.15
2014-06-19,580.96
2014-06-20,583.06
2014-06-23,581.33
2014-06-24,581.64
2014-06-25,581.2
2014-06-26,579.38
2014-06-27,583.03
2014-06-30,582.61
2014-07-01,584.63
2014-07-02,583.43
2014-07-03,581.27
2014-07-04,581.27
2014-07-07,582.33
2014-07-08,583.88
2014-07-09,584.6
2014-07-10,586.57
2014-07-11,586.54
2014-07-14,589.17
2014-07-15,589.42
2014-07-16,591.26
2014-07-17,587.71
2014-07-18,593.89
2014-07-21,591.54
2014-07-22,593.98
2014-07-23,594.92
2014-07-24,594.07
2014-07-25,589.49
2014-07-28,593.66
2014-07-29,590.44
2014-07-30,590.62
2014-07-31,581.99
2014-08-01,580.64
2014-08-04,584.14
2014-08-05,578.58
2014-08-06,579.65
2014-08-07,580.07
2014-08-08,583.92
2014-08-11,587.12
2014-08-12,585.63
2014-08-13,592.61
2014-08-14,592.82
2014-08-15,592.28
2014-08-18,598.21
2014-08-19,599.68
2014-08-20,601.72
2014-08-21,601.7
2014-08-22,597.11
2014-08-25,596.17
2014-08-26,596.78
2014-08-27,597.49
2014-08-28,596.7
2014-08-29,599.33
2014-09-01,599.33
2014-09-02,599.85
2014-09-03,600.56
2014-09-04,598.91
2014-09-05,605.23
2014-09-08,604.4
2014-09-09,600.7
2014-09-10,592.09
2014-09-11,592.4
2014-09-12,574.58
2014-09-15,571.97
2014-09-16,577.32
2014-09-17,577.26
2014-09-18,572.53
2014-09-19,572.81
2014-09-22,568.03
2014-09-23,563.82
2014-09-24,563.18
2014-09-25,560.22
2014-09-26,566.16
2014-09-29,565.89
2014-09-30,562.96
2014-10-01,563.13
2014-10-02,562.67
2014-10-03,566.1
2014-10-06,567.22
2014-10-07,562.91
2014-10-08,574.71
2014-10-09,573.67
2014-10-10,573.76
2014-10-13,573.55
2014-10-14,582.67
2014-10-15,579.27
2014-10-16,580.88
2014-10-17,582.67
2014-10-20,591.09
2014-10-21,597.1
2014-10-22,596.15
2014-10-23,601.32
2014-10-24,601.06
2014-10-27,604.79
2014-10-28,606.83
2014-10-29,602.66
2014-10-30,607.46
2014-10-31,612.54
2014-11-03,617.07
2014-11-04,617.74
2014-11-05,617.38
2014-11-06,613.17
2014-11-07,612.39
2014-11-10,616.55
2014-11-11,613.79
2014-11-12,609.74
2014-11-13,612.49
2014-11-14,607.96
2014-11-17,610.01
2014-11-18,612.74
2014-11-19,608.45
2014-11-20,610.2
2014-11-21,614.48
2014-11-24,616.52
2014-11-25,618.14
2014-11-26,623.59
2014-11-27,623.59
2014-11-28,625.25
2014-12-01,623.2
2014-12-02,625.33
2014-12-03,624.68
2014-12-04,625.87
2014-12-05,622.79
2014-12-08,626.22
2014-12-09,628.94
2014-12-10,627.63
2014-12-11,627.92
2014-12-12,622.34
2014-12-15,614.48
2014-12-16,612.55
2014-12-17,625.63
2014-12-18,630.16
2014-12-19,631.05
2014-12-22,640.94
2014-12-23,639.29
2014-12-24,636.99
2014-12-25,636.99
2014-12-26,638.9
2014-12-29,641.06
2014-12-30,639.98
2014-12-31,629.96
2015-01-01,629.96
2015-01-02,638.77
2015-01-05,641.11
2015-01-06,646.7
2015-01-07,656.24
2015-01-08,658.8
2015-01-09,658.91
2015-01-12,663.32
2015-01-13,661.97
2015-01-14,666.42
2015-01-15,667.59
2015-01-16,673.72
2015-01-19,673.72
2015-01-20,668.57
2015-01-21,667.33
2015-01-22,680.37
2015-01-23,679.17
2015-01-26,685.39
2015-01-27,684.21
2015-01-28,679.57
2015-01-29,680.97
2015-01-30,668.04
2015-02-02,667.08
2015-02-03,672.85
2015-02-04,669.56
2015-02-05,677.35
2015-02-06,658.22
2015-02-09,654.39
2015-02-10,656.51
2015-02-11,654.44
2015-02-12,661.44
2015-02-13,657.44
2015-02-16,657.44
2015-02-17,655.68
2015-02-18,661.25
2015-02-19,647.94
2015-02-20,654.27
2015-02-23,659.35
2015-02-24,646.11
2015-02-25,647.34
2015-02-26,641.54
2015-02-27,646.26
2015-03-02,649.72
2015-03-03,647.67
2015-03-04,641.48
2015-03-05,643.51
2015-03-06,623.15
2015-03-09,628.11
2015-03-10,626.3
2015-03-11,626.8
2015-03-12,637.2
2015-03-13,635.19
2015-03-16,642.32
2015-03-17,641.36
2015-03-18,654.05
2015-03-19,652.89
2015-03-20,668.68
2015-03-23,667.93
2015-03-24,662.17
2015-03-25,650.47
2015-03-26,646.9
2015-03-27,647.8
2015-03-30,655.67
2015-03-31,649.75
2015-04-01,649.14
2015-04-02,654.04
2015-04-06,660.12
2015-04-07,649.76
2015-04-08,650.85
2015-04-09,638.61
2015-04-10,638.42
2015-04-13,636.25
2015-04-14,638.35
2015-04-15,634.74
2015-04-16,637.13
2015-04-17,633.22
2015-04-20,634.67
2015-04-21,635.43
2015-04-22,637.05
2015-04-23,638.24
2015-04-24,639.09
2015-04-27,638.27
2015-04-28,637.59
2015-04-29,625.19
2015-04-30,616.75
2015-05-01,620.92
2015-05-04,622.15
2015-05-05,609.07
2015-05-06,607.82
2015-05-07,616.49
2015-05-08,624.92
2015-05-11,615.71
2015-05-12,617.02
2015-05-13,611.26
2015-05-14,622.28
2015-05-15,627.84
2015-05-18,626.22
2015-05-19,625.22
2015-05-20,623.96
2015-05-21,620.63
2015-05-22,620.59
2015-05-26,616.47
2015-05-27,622.18
2015-05-28,620.36
2015-05-29,613.76
2015-06-01,620.7
2015-06-02,615.87
2015-06-03,607.49
2015-06-04,607.02
2015-06-05,600.2
2015-06-08,599.11
2015-06-09,594.52
2015-06-10,598.99
2015-06-11,602.44
2015-06-12,601.24
2015-06-15,597.88
2015-06-16,602.81
2015-06-17,607.15
2015-06-18,615.54
2015-06-19,610.82
2015-06-22,605.47
2015-06-23,601.45
2015-06-24,597.51
2015-06-25,592.06
2015-06-26,594.26
2015-06-29,584.57
2015-06-30,585.18
2015-07-01,593.44
2015-07-02,594.99
2015-07-06,597.77
2015-07-07,606.34
2015-07-08,603.21
2015-07-09,600.87
2015-07-10,605.75
2015-07-13,606.66
2015-07-14,607.94
2015-07-15,608.63
2015-07-16,613.63
2015-07-17,610.86
2015-07-20,612.19
2015-07-21,609.84
2015-07-22,611.7
2015-07-23,606.24
2015-07-24,607.5
2015-07-27,608.25
2015-07-28,609.25
2015-07-29,612.36
2015-07-30,609.3
2015-07-31,613.59
2015-08-03,616.98
2015-08-04,613.64
2015-08-05,610.27
2015-08-06,610.8
2015-08-07,612.89
2015-08-10,611.77
2015-08-11,615.72
2015-08-12,617.26
2015-08-13,617.74
2015-08-14,621.28
2015-08-17,626.32
2015-08-18,626.79
2015-08-19,622.94
2015-08-20,617.95
2015-08-21,606.27
2015-08-24,577.85
2015-08-25,562.97
2015-08-26,577.91
2015-08-27,589.18
2015-08-28,588.5
2015-08-31,576.33
2015-09-01,565.18
2015-09-02,571.36
2015-09-03,572.75
2015-09-04,561.56
2015-09-08,570.18
2015-09-09,562.94
2015-09-10,564
2015-09-11,572.98
2015-09-14,572.95
2015-09-15,577.78
2015-09-16,584.68
2015-09-17,590.63
2015-09-18,588.52
2015-09-21,593.36
2015-09-22,585.23
2015-09-23,588.65
2015-09-24,583.04
2015-09-25,586.05
2015-09-28,574.77
2015-09-29,580.49
2015-09-30,585.08
2015-10-01,587.54
2015-10-02,592.61
2015-10-05,603.77
2015-10-06,601.95
2015-10-07,608.62
2015-10-08,613.75
2015-10-09,612.81
2015-10-12,616.22
2015-10-13,611.4
2015-10-14,606.88
2015-10-15,615.12
2015-10-16,619.97
2015-10-19,627.99
2015-10-20,628.27
2015-10-21,625.89
2015-10-22,633.22
2015-10-23,626.97
2015-10-26,626.97
2015-10-27,626.44
2015-10-28,627.8
2015-10-29,627.06
2015-10-30,622.02
2015-11-02,635.43
2015-11-03,629.76
2015-11-04,626.91
2015-11-05,628.65
2015-11-06,609.9
2015-11-09,600.82
2015-11-10,606.48
2015-11-11,607.74
2015-11-12,602.82
2015-11-13,596.16
2015-11-16,603.13
2015-11-17,603.89
2015-11-18,610.15
2015-11-19,611.86
2015-11-20,618.86
2015-11-23,619.63
2015-11-24,616.58
2015-11-25,619.14
2015-11-27,624
2015-11-30,619.25
2015-12-01,627.71
2015-12-02,615.09
2015-12-03,605.6
2015-12-04,616.37
2015-12-07,614.7
2015-12-08,613.63
2015-12-09,609.71
2015-12-10,605.38
2015-12-11,603.23
2015-12-14,605.14
2015-12-15,611.5
2015-12-16,623.15
2015-12-17,619.83
2015-12-18,612.12
2015-12-21,614.95
2015-12-22,617.58
2015-12-23,624.35
2015-12-24,624.1
2015-12-28,627.21
2015-12-29,632.97
2015-12-30,629.18
2015-12-31,623.76
2016-01-04,616.37
2016-01-05,628.47
2016-01-06,625.76
2016-01-07,613.23
2016-01-08,604.9
2016-01-11,608.25
2016-01-12,604.11
2016-01-13,594.98
2016-01-14,594.58
2016-01-15,587.77
2016-01-19,591.18
2016-01-20,575.04
2016-01-21,579.04
2016-01-22,595.1
2016-01-25,590.21
2016-01-26,602.92
2016-01-27,592.23
2016-01-28,588.51
2016-01-29,601.06
2016-02-01,601.73
2016-02-02,595.31
2016-02-03,599.21
2016-02-04,599.55
2016-02-05,586.39
2016-02-08,569.29
2016-02-09,559.63
2016-02-10,562.65
2016-02-11,555.03
2016-02-12,561.55
2016-02-16,571.93
2016-02-17,576.87
2016-02-18,582
2016-02-19,584.28
2016-02-22,590.87
2016-02-23,588.84
2016-02-24,589.14
2016-02-25,600.53
2016-02-26,597.49
2016-02-29,597.07
2016-03-01,613.22
2016-03-02,617.88
2016-03-03,620.37
2016-03-04,620.5
2016-03-07,621.71
2016-03-08,615.4
2016-03-09,618.4
2016-03-10,616.41
2016-03-11,630.75
2016-03-14,629.99
2016-03-15,630.23
2016-03-16,637
2016-03-17,646.27
2016-03-18,643.48
2016-03-21,638.31
2016-03-22,638.43
2016-03-23,634.63
2016-03-24,635.3
2016-03-28,640.57
2016-03-29,652.74
2016-03-30,651.15
2016-03-31,654.87
2016-04-01,654.87
2016-04-04,654.07
2016-04-05,649.89
2016-04-06,651.93
2016-04-07,647.69
2016-04-08,652.06
2016-04-11,650.53
2016-04-12,654.96
2016-04-13,652.87
2016-04-14,648.96
2016-04-15,653.56
2016-04-18,656.4
2016-04-19,656.99
2016-04-20,646.9
2016-04-21,635.4
2016-04-22,642.51
2016-04-25,647.25
2016-04-26,650.06
2016-04-27,648.96
2016-04-28,647.16
2016-04-29,642.03
2016-05-02,651.92
2016-05-03,651.13
2016-05-04,660.45
2016-05-05,662.34
2016-05-06,668.66
2016-05-09,674.62
2016-05-10,675.38
2016-05-11,661.55
2016-05-12,665.85
2016-05-13,659.26
2016-05-16,665.64
2016-05-17,653.71
2016-05-18,644.9
2016-05-19,637.97
2016-05-20,642.9
2016-05-23,643
2016-05-24,650.62
2016-05-25,651.08
2016-05-26,651.98
2016-05-27,655.32
2016-05-31,655.29
2016-06-01,655.58
2016-06-02,658.81
2016-06-03,661.08
2016-06-06,656.95
2016-06-07,660.66
2016-06-08,664.2
2016-06-09,665.78
2016-06-10,663.06
2016-06-13,662.07
2016-06-14,659.15
2016-06-15,664.49
2016-06-16,668.38
2016-06-17,667.52
2016-06-20,668.09
2016-06-21,671.52
2016-06-22,670.31
2016-06-23,674.98
2016-06-24,667.36
2016-06-27,667.16
2016-06-28,680.26
2016-06-29,689.62
2016-06-30,696.64
2016-07-01,697.27
2016-07-05,703.36
2016-07-06,701.05
2016-07-07,694.24
2016-07-08,705.16
2016-07-11,709.65
2016-07-12,710.27
2016-07-13,713.14
2016-07-14,708.07
2016-07-15,708.14
2016-07-18,709.52
2016-07-19,713
2016-07-20,712.81
2016-07-21,713.78
2016-07-22,719.59
2016-07-25,718.12
2016-07-26,715.32
2016-07-27,709.67
2016-07-28,715.1
2016-07-29,722.86
2016-08-01,725.61
2016-08-02,714.43
2016-08-03,710.22
2016-08-04,708.26
2016-08-05,708.1
2016-08-08,708.43
2016-08-09,711.35
2016-08-10,711.17
2016-08-11,703.91
2016-08-12,706.36
2016-08-15,705.28
2016-08-16,696.76
2016-08-17,699.09
2016-08-18,696.93
2016-08-19,692.47
2016-08-22,695.79
2016-08-23,696.81
2016-08-24,693.44
2016-08-25,696.43
2016-08-26,689.66
2016-08-29,696.46
2016-08-30,695.43
2016-08-31,696.21
2016-09-01,694.91
2016-09-02,700.85
2016-09-06,706.49
2016-09-07,710.29
2016-09-08,701.7
2016-09-09,673.54
2016-09-12,681.28
2016-09-13,663.28
2016-09-14,665.21
2016-09-15,668.08
2016-09-16,667.3
2016-09-19,673.83
2016-09-20,672.6
2016-09-21,681.16
2016-09-22,694.1
2016-09-23,695.78
2016-09-26,697.04
2016-09-27,690.51
2016-09-28,694.64
2016-09-29,685.82
2016-09-30,682.1
2016-10-03,670.5
2016-10-04,660.36
2016-10-05,646.91
2016-10-06,647.6
2016-10-07,646.3
2016-10-10,650.47
2016-10-11,644.35
2016-10-12,652.66
2016-10-13,657.31
2016-10-14,655.4
2016-10-17,656.46
2016-10-18,660.45
2016-10-19,662.19
2016-10-20,660.32
2016-10-21,659.22
2016-10-24,661.24
2016-10-25,659.53
2016-10-26,650.8
2016-10-27,635.15
2016-10-28,636.73
2016-10-31,646.15
2016-11-01,632.02
2016-11-02,622.49
2016-11-03,618.73
2016-11-04,622.37
2016-11-07,633.04
2016-11-08,636.5
2016-11-09,624.81
2016-11-10,613.25
2016-11-11,616.26
2016-11-14,627.98
2016-11-15,623.8
2016-11-16,623.92
2016-11-17,618.2
2016-11-18,619.96
2016-11-21,619.57
2016-11-22,630.28
2016-11-23,627.22
2016-11-25,630.57
2016-11-28,632.21
2016-11-29,637.42
2016-11-30,629.44
2016-12-01,619.79
2016-12-02,626.3
2016-12-05,631.27
2016-12-06,634.04
2016-12-07,647.1
2016-12-08,650.68
2016-12-09,650
2016-12-12,654.41
2016-12-13,654.84
2016-12-14,640.78
2016-12-15,636.43
2016-12-16,645.27
2016-12-19,651.83
2016-12-20,653.02
2016-12-21,644.31
2016-12-22,643.41
2016-12-23,644.84
2016-12-27,645.86
2016-12-28,640.21
2016-12-29,647.22
2016-12-30,653.48
2017-01-03,656.13
2017-01-04,665.28
2017-01-05,667.26
2017-01-06,666.17
2017-01-09,660.83
2017-01-10,655.06
2017-01-11,652.13
2017-01-12,654.93
2017-01-13,654.18
2017-01-17,659.68
2017-01-18,660.65
2017-01-19,653.69
2017-01-20,658.33
2017-01-23,663.44
2017-01-24,664.01
2017-01-25,660.48
2017-01-26,659.49
2017-01-27,652.61
2017-01-30,648.84
2017-01-31,653.73
2017-02-01,645.79
2017-02-02,653.03
2017-02-03,657.24
2017-02-06,654.62
2017-02-07,652.93
2017-02-08,658.24
2017-02-09,660.4
2017-02-10,664.11
2017-02-13,666.18
2017-02-14,662.4
2017-02-15,660.4
2017-02-16,663.86
2017-02-17,664.95
2017-02-21,673.86
2017-02-22,671.77
2017-02-23,675.1
2017-02-24,678.67
2017-02-27,682.33
2017-02-28,678.54
2017-03-01,676.48
2017-03-02,673.72
2017-03-03,671.36
2017-03-06,667.77
2017-03-07,664.83
2017-03-08,653.35
2017-03-09,644.61
2017-03-10,643.04
2017-03-13,643.81
2017-03-14,642.79
2017-03-15,655.53
2017-03-16,654.16
2017-03-17,656.54
2017-03-20,656.16
2017-03-21,654.19
2017-03-22,654.67
2017-03-23,659.51
2017-03-24,659.07
2017-03-27,654.43
2017-03-28,657.27
2017-03-29,658.88
2017-03-30,660.28
2017-03-31,663.91
2017-04-03,664.51
2017-04-04,664.37
2017-04-05,664.84
2017-04-06,668.96
2017-04-07,669.89
2017-04-10,674.1
2017-04-11,678.53
2017-04-12,677.31
2017-04-13,675.71
2017-04-17,683.93
2017-04-18,685.6
2017-04-19,684.27
2017-04-20,684.4
2017-04-21,681.62
2017-04-24,675.32
2017-04-25,677.43
2017-04-26,672.01
2017-04-27,671.95
2017-04-28,665.68
2017-05-01,669.63
2017-05-02,668.89
2017-05-03,660.31
2017-05-04,657.32
2017-05-05,662.94
2017-05-08,659.26
2017-05-09,655.38
2017-05-10,659.54
2017-05-11,655.96
2017-05-12,653.46
2017-05-15,656.09
2017-05-16,652.04
2017-05-17,655.39
2017-05-18,658.04
2017-05-19,661.95
2017-05-22,664.01
2017-05-23,664.99
2017-05-24,669.42
2017-05-25,670.48
2017-05-26,666.19
2017-05-30,663.54
2017-05-31,663.31
2017-06-01,667.13
2017-06-02,673.05
2017-06-05,670.2
2017-06-06,667.23
2017-06-07,670.67
2017-06-08,668.67
2017-06-09,673.05
2017-06-12,677.18
2017-06-13,678.37
2017-06-14,679.75
2017-06-15,682.09
2017-06-16,680.96
2017-06-19,681.69
2017-06-20,679.61
2017-06-21,677.14
2017-06-22,677.78
2017-06-23,680.78
2017-06-26,684.63
2017-06-27,680.62
2017-06-28,679.85
2017-06-29,672.38
2017-06-30,672.2
2017-07-03,679.56
2017-07-05,671.11
2017-07-06,659.04
2017-07-07,663.52
2017-07-10,656.85
2017-07-11,656.44
2017-07-12,664.97
2017-07-13,666.01
2017-07-14,672.54
2017-07-17,675.63
2017-07-18,674.76
2017-07-19,679.82
2017-07-20,676.5
2017-07-21,677.2
2017-07-24,676.23
2017-07-25,677.16
2017-07-26,681.09
2017-07-27,681.06
2017-07-28,679.98
2017-07-31,679.78
2017-08-01,682.53
2017-08-02,677.61
2017-08-03,675.7
2017-08-04,677.9
2017-08-07,677.2
2017-08-08,673.44
2017-08-09,672.11
2017-08-10,667.27
2017-08-11,663.57
2017-08-14,674.87
2017-08-15,672.13
2017-08-16,674.87
2017-08-17,670.3
2017-08-18,664.9
2017-08-21,671.73
2017-08-22,670.83
2017-08-23,676.71
2017-08-24,675.56
2017-08-25,678.87
2017-08-28,675.18
2017-08-29,674.38
2017-08-30,678.47
2017-08-31,682.61
2017-09-01,683.14
2017-09-05,681.97
2017-09-06,683.24
2017-09-07,687.08
2017-09-08,687.18
2017-09-11,692.44
2017-09-12,684.7
2017-09-13,682.46
2017-09-14,686.51
2017-09-15,688.23
2017-09-18,685.11
2017-09-19,679.18
2017-09-20,677.33
2017-09-21,675.25
2017-09-22,670.9
2017-09-25,674.31
2017-09-26,674.3
2017-09-27,669.18
2017-09-28,672.65
2017-09-29,673.2
2017-10-02,671.72
2017-10-03,671.69
2017-10-04,676.13
2017-10-05,678.25
2017-10-06,676.12
2017-10-09,677.26
2017-10-10,678.66
2017-10-11,681.66
2017-10-12,685.72
2017-10-13,686.96
2017-10-16,684.06
2017-10-17,684.48
2017-10-18,683.57
2017-10-19,682.34
2017-10-20,679.96
2017-10-23,676.8
2017-10-24,673.23
2017-10-25,671.08
2017-10-26,667.29
2017-10-27,670.36
2017-10-30,671.61
2017-10-31,672.93
2017-11-01,673.76
2017-11-02,679.5
2017-11-03,678.07
2017-11-06,686.32
2017-11-07,691.64
2017-11-08,695.94
2017-11-09,695.95
2017-11-10,696.05
2017-11-13,698.17
2017-11-14,696.93
2017-11-15,690.57
2017-11-16,694.37
2017-11-17,691.19
2017-11-20,689.54
2017-11-21,694.47
2017-11-22,692.58
2017-11-24,694.56
2017-11-27,692.01
2017-11-28,689.82
2017-11-29,689.06
2017-11-30,689.25
2017-12-01,690.49
2017-12-04,684.39
2017-12-05,680.04
2017-12-06,679.95
2017-12-07,682.62
2017-12-08,685.08
2017-12-11,685.58
2017-12-12,688.33
2017-12-13,689.45
2017-12-14,688.66
2017-12-15,691.71
2017-12-18,695.09
2017-12-19,681.41
2017-12-20,673.73
2017-12-21,671.48
2017-12-22,675.75
2017-12-26,679.14
2017-12-27,681.65
2017-12-28,684.01
2017-12-29,683.05
2018-01-02,679.73
2018-01-03,678.95
2018-01-04,667.37
2018-01-05,668.53
2018-01-08,672.07
2018-01-09,664.05
2018-01-10,655.28
2018-01-11,652.47
2018-01-12,647.43
2018-01-16,649.64
2018-01-17,654.31
2018-01-18,647.23
2018-01-19,651.65
2018-01-22,657.82
2018-01-23,666.67
2018-01-24,664.02
2018-01-25,663.39
2018-01-26,662.83
2018-01-29,654.27
2018-01-30,650.12
2018-01-31,662.09
2018-02-01,649.71
2018-02-02,643.42
2018-02-05,625.01
2018-02-06,624.34
2018-02-07,621.68
2018-02-08,602.55
2018-02-09,616.6
2018-02-12,617.45
2018-02-13,620.66
2018-02-14,616.74
2018-02-15,623.2
2018-02-16,627.89
2018-02-20,620.3
2018-02-21,609.18
2018-02-22,615.83
2018-02-23,626.11
2018-02-26,628.03
2018-02-27,613.37
2018-02-28,612.49
2018-03-01,610.38
2018-03-02,609.27
2018-03-05,616.53
2018-03-06,619.41
2018-03-07,623.3
2018-03-08,625.76
2018-03-09,629.4
2018-03-12,632.64
2018-03-13,633.35
2018-03-14,633.52
2018-03-15,632.67
2018-03-16,636.49
2018-03-19,630.81
2018-03-20,629.08
2018-03-21,624
2018-03-22,621.3
2018-03-23,610.83
2018-03-26,618.51
2018-03-27,619.95
2018-03-28,632.15
2018-03-29,631.2
2018-04-02,622.52
2018-04-03,626.86
2018-04-04,633.84
2018-04-05,633.5
2018-04-06,628.45
2018-04-09,627.03
2018-04-10,624.46
2018-04-11,626.13
2018-04-12,619.09
2018-04-13,622.41
2018-04-16,626.06
2018-04-17,633.66
2018-04-18,632.43
2018-04-19,622.78
2018-04-20,617.25
2018-04-23,617.56
2018-04-24,619.51
2018-04-25,618.7
2018-04-26,626.36
2018-04-27,635.15
2018-04-30,633.24
2018-05-01,637.64
2018-05-02,635.74
2018-05-03,636.22
2018-05-04,642.67
2018-05-07,646.17
2018-05-08,642.26
2018-05-09,646.94
2018-05-10,652.43
2018-05-11,649.7
2018-05-14,644.3
2018-05-15,633.82
2018-05-16,631.79
2018-05-17,628.62
2018-05-18,629.58
2018-05-21,636.5
2018-05-22,637.21
2018-05-23,643.45
2018-05-24,641.87
2018-05-25,644.75
2018-05-29,647.49
2018-05-30,656.4
2018-05-31,654.45
2018-06-01,657.23
2018-06-04,663.2
2018-06-05,660.5
2018-06-06,662.25
2018-06-07,661.76
2018-06-08,664
2018-06-11,663.12
2018-06-12,667.09
2018-06-13,653.7
2018-06-14,659.02
2018-06-15,658.23
2018-06-18,658.45
2018-06-19,657.91
2018-06-20,665.35
2018-06-21,668.57
2018-06-22,673.4
2018-06-25,672.41
2018-06-26,674.77
2018-06-27,672.18
2018-06-28,676.79
2018-06-29,677.57
2018-07-02,673.97
2018-07-03,678.73
2018-07-05,687.09
2018-07-06,690.17
2018-07-09,683.97
2018-07-10,685.85
2018-07-11,684.03
2018-07-12,685.3
2018-07-13,683.7
2018-07-16,679.85
2018-07-17,675.04
2018-07-18,671.72
2018-07-19,679.36
2018-07-20,672.97
2018-07-23,671.87
2018-07-24,668.57
2018-07-25,673.49
2018-07-26,675.69
2018-07-27,668.36
2018-07-30,668.95
2018-07-31,680.68
2018-08-01,684.51
2018-08-02,682.21
2018-08-03,689.26
2018-08-06,688.56
2018-08-07,687.17
2018-08-08,684.3
2018-08-09,684.87
2018-08-10,678.83
2018-08-13,678.64
2018-08-14,682.15
2018-08-15,687.72
2018-08-16,692.37
2018-08-17,698.93
2018-08-20,699.11
2018-08-21,694.31
2018-08-22,690.45
2018-08-23,689
2018-08-24,692.83
2018-08-27,691.47
2018-08-28,699.76
2018-08-29,699.51
2018-08-30,695.76
2018-08-31,697.95
2018-09-04,690.74
2018-09-05,694.87
2018-09-06,696.68
2018-09-07,689.28
2018-09-10,692.24
2018-09-11,691.55
2018-09-12,691.7
2018-09-13,695.09
2018-09-14,689.49
2018-09-17,692.73
2018-09-18,689.07
2018-09-19,681.14
2018-09-20,687.09
2018-09-21,686.59
2018-09-24,674.05
2018-09-25,674.12
2018-09-26,666.18
2018-09-27,667.27
2018-09-28,676.71
2018-10-01,670.16
2018-10-02,668.18
2018-10-03,661.77
2018-10-04,656.31
2018-10-05,656.37
2018-10-08,666.03
2018-10-09,668
2018-10-10,657.69
2018-10-11,638.86
2018-10-12,637.11
2018-10-15,640.77
2018-10-16,653.59
2018-10-17,652.31
2018-10-18,651.27
2018-10-19,656.64
2018-10-22,647.81
2018-10-23,651.45
2018-10-24,657.48
2018-10-25,665.98
2018-10-26,649.52
2018-10-29,658.04
2018-10-30,666.35
2018-10-31,657.87
2018-11-01,660.45
2018-11-02,654.41
2018-11-05,664.96
2018-11-06,667.69
2018-11-07,675.89
2018-11-08,676.53
2018-11-09,676.71
2018-11-12,677.08
2018-11-13,677.3
2018-11-14,675.83
2018-11-15,670.17
2018-11-16,678.1
2018-11-19,679.24
2018-11-20,672.04
2018-11-21,672.08
2018-11-23,670.32
2018-11-26,671.58
2018-11-27,674.39
2018-11-28,680.58
2018-11-29,680.93
2018-11-30,687.3
2018-12-03,690.34
2018-12-04,680.54
2018-12-06,698.24
2018-12-07,689.08
2018-12-10,684.98
2018-12-11,685.09
2018-12-12,672.75
2018-12-13,676.94
2018-12-14,675.46
2018-12-17,649.95
2018-12-18,655.61
2018-12-19,648.25
2018-12-20,639.71
2018-12-21,630.69
2018-12-24,606.7
2018-12-26,627.16
2018-12-27,627.64
2018-12-28,628.22
2018-12-31,628.75
2019-01-02,614.82
2019-01-03,619.1
2019-01-04,626.63
2019-01-07,632.28
2019-01-08,645.08
2019-01-09,643.62
2019-01-10,652.81
2019-01-11,654.44
2019-01-14,651.66
2019-01-15,658.09
2019-01-16,662.82
2019-01-17,665.8
2019-01-18,667.52
2019-01-22,665.91
2019-01-23,666.44
2019-01-24,668.41
2019-01-25,676.64
2019-01-28,683.27
2019-01-29,688.95
2019-01-30,694.19
2019-01-31,700.6
2019-02-01,695.94
2019-02-04,701.36
2019-02-05,700.2
